Airline;Operator;Livery_ID;Livery_Name;Livery_Type;Parent_Livery_ID;Start_Year;End_Year;Aircraft_Type;Example_Reg;Notes;Source_URL;Photo_URL
Austrian Airlines;Austrian Airlines;AUA-1958-ORIGINAL;Early Silver Line;Standard;;1958;1962;DC-3|Vickers Viscount;OE-LAC;Erste Nachkriegsbemalung mit blankmetallischem Rumpf und schmalem roten Zierstreifen auf Fensterhöhe sowie kleinem roten Pfeil an der Nase. Leitwerk weiß mit rotem Band oben und frühes provisorisches Branding vor Einführung der rot-weiß-roten 1960er-Livery.;;
Austrian Airlines;Austrian Airlines;AUA-1959-CHEATLINE;Early Cheatline;Standard;;1959;1963;Vickers Viscount|DC-3;OE-LAK;Übergangsdesign mit durchgehender rot-weiß-roter Cheatline von der schwarzen Bugspitze bis zum Heck und kleinem roten Pfeil auf der Nase. Polierter Metallrumpf unterhalb der Fensterlinie und Leitwerk in rot-weiß-roten Streifen. Diente als direkter Vorläufer der 1960er-Classic-Livery.;;https://www.planespotters.net/photo/764544/oe-lba-austrian-airlines-boeing-707-329
Austrian Airlines;Austrian Airlines;AUA-1960-CLASSIC;Classic / Red-White-Red;Standard;;1960;1988;Caravelle|DC-9|MD-80|A310;OE-LCE;Frühe Farbgebung mit rot-weiß-roter Cheatline und silbernem Unterrumpf. Teilweise kleiner roter Pfeil an der Nase (nicht bei allen Mustern ausgeführt, z. B. Caravelle). Typisches 1960er-Jahre-Layout mit rotem Leitwerk und weißem Mittelband.;;https://www.planespotters.net/photo/768976/oe-lca-austrian-airlines-sud-aviation-se-210-caravelle-vi-r
Austrian Airlines;Austrian Airlines;AUA-1972-CHEVRONEARLY;Chevron Early;Standard;;1972;1980;Caravelle|DC-9;OE-LCD;Übergangsdesign zwischen der klassischen 1960er-Bemalung und der 1980er-Pfeil-Livery. Erstmals Chevron-ähnlicher roter Keil am Leitwerk, weiterhin silberner Bauch und rote Cheatline unterhalb der Fensterlinie. Klassischer Serifenschriftzug „Austrian Airlines“. Repräsentiert den Beginn der moderneren Farbgebung vor der Einführung des Red-Arrow-Designs.;;https://en.wikipedia.org/wiki/Austrian_Airlines
Austrian Airlines;Austrian Airlines;AUA-1980-REDARROW;Red Arrow;Standard;;1980;1988;DC-9|MD-80|A310;OE-LDA;Corporate Design der 1980er-Jahre: weißer Rumpf mit großem roten, nach vorne zeigenden Pfeil auf Höhe der Fensterreihe und „AUSTRIAN“ in Großbuchstaben davor. Rot-weiß-rotes Leitwerk ohne Chevron, Unterrumpf metallisch-silbern. Markantes Erscheinungsbild der späten 70er- und frühen 80er-Jahre vor Einführung des Chevron-Tails 1988.;https://www.planespotters.net/photo/415265/oe-lda-austrian-airlines-mcdonnell-douglas-dc-9-32;https://www.planespotters.net/photo/415265/oe-lda-austrian-airlines-mcdonnell-douglas-dc-9-32
Austrian Airlines;Austrian Airlines;AUA-1988-CHEVRON;Chevron / Skyline;Standard;AUA-1972-CHEVRONEARLY;1988;2003;A310|A320|F70|F100|MD-80|B767;OE-LAC;Rebranding ab Ende der 1980er-Jahre mit großem „Austrian“-Titel über der Fensterreihe, hellgrauem Unterrumpf und charakteristischem roten Pfeil auf Fensterhöhe. Leitwerk im rot-weiß-roten Streifendesign ohne Chevron. Erstes modernes Corporate-Design der Nachkriegszeit und Grundlage für spätere Varianten.;https://en.wikipedia.org/wiki/Austrian_Airlines;https://www.planespotters.net/photo/1115899/oe-lac-austrian-airlines-airbus-a310-324
Austrian Airlines;Austrian Airlines;AUA-1995-ARROWSTRIPE;Arrow Stripe / Flag Tail;Standard;AUA-1988-CHEVRON;1995;2003;A320|A321|A310|MD-80|B767|B777;OE-LAA;Corporate-Design 1995 mit großem „AUSTRIAN AIRLINES“-Schriftzug oberhalb der Fenster, rotem Arrow davor und blau-grün verlaufender Linie unterhalb der Fenster. Weißer Unterrumpf, Leitwerk rot-weiß-rot mit rotem Arrow im weißen Feld. Symbolisierte die dynamische Modernisierung der AUA in den 1990er-Jahren.;https://de.wikipedia.org/wiki/Austrian_Airlines#Corporate_Design;https://www.planespotters.net/photo/015371/oe-lag-austrian-airlines-airbus-a340-211
Austrian Airlines;Austrian Airlines;AUA-2003-BLUEBELLY;Blue Belly / Red Arrow;Standard;;2003;2015;A320|A321|B737|B767|B777;OE-LBU;Corporate-Design 2003 mit hellblauem Unterrumpf und blau lackierten Triebwerken. Modernisierter Schriftzug und klarer Red-Arrow-Look, später durch weiß-rotes Design 2015 ersetzt.;https://thedesignair.net/2015/03/30/austrian-airlines-launches-new-livery-and-new-brand-direction/;https://www.jetphotos.com/photo/8846235/oe-lbu-austrian-airlines-boeing-767-3z9er
Austrian Airlines;Austrian Airlines;AUA-2015-MYAUA;myAustrian;Standard;;2015;2018;A321|A320|E195|B767|B777;OE-LBC;Markenrefresh 2015 mit „myAustrian“-Schriftzug, Entfernung des blauen Unterrumpfs und rote Triebwerke mit „austrian.com“-Logo. Weiß-rotes Erscheinungsbild mit modernisiertem Branding, Übergangsdesign vor dem 2018er-Corporate-Refresh.;;
Austrian Airlines;Austrian Airlines;AUA-2018-NEW;New Austrian;Standard;;2018;–;A321|A320|A320neo|E195|B767|B777;OE-LAW;Brand-Refresh 2018 ohne my. Großer Austrian Titel beginnend auf Fensterreihe weit vorne, rotes Heck mit erweiterten roten Flächen am Hinterrumpf. Roter Pfeil nur noch im weißen Tailband. Triebwerke weiß oder hellgrau.;https://thedesignair.net/2015/03/30/austrian-airlines-launches-new-livery-and-new-brand-direction;https://www.jetphotos.com/photo/10159741
Austrian Airlines;Austrian Airlines;AUA-1996-1000YEARS;1000 Jahre Österreich;Special;AUA-1995-ARROWSTRIPE;1996;1997;A321;OE-LBB;Jubiläums Sonderbemalung 1000 Jahre Österreich auf Basis des Arrowstripe Designs goldene Schriftzüge und zusätzliche Grafiken am Heck trug ausschließlich OE LBB;;https://www.planespotters.net/photo/355580/oe-lbb-austrian-airlines-airbus-a321-111
Austrian Airlines;Austrian Airlines;AUA-1997-QUALIFLYER;Qualiflyer Alliance;Special;AUA-1995-ARROWSTRIPE;1997;2000;A320|A321;OE-LBO;Sonderlackierung zur Qualiflyer Group zusätzlicher blauer Qualiflyer Schriftzug und Logo am Heck auf Basis Arrowstripe;;https://berlin-spotter.de/focus/aua320qualiflyer.jpg
Austrian Airlines;Austrian Airlines;AUA-1999-STRAUSS;Johann Strauss;Special;AUA-1995-ARROWSTRIPE;1999;2002;A321;OE-LBB;Sonderbemalung mit Schriftzug Johann Strauss und Abbildung der goldenen Strauss Statue auf der Heckflosse basierend auf Arrowstripe;;https://www.planespotters.net/photo/255885/oe-lbb-austrian-airlines-airbus-a321-111
Austrian Airlines;Austrian Airlines;AUA-2003-STARALLIANCE;Star Alliance;Special;AUA-2003-BLUEBELLY;2003;2015;A320|A321|B737|B767|B777;OE-LNT;Star-Alliance-Design in der Bluebelly-Ära. Weißer Rumpf und schwarzes Leitwerk, hellblaue Triebwerke mit austrian.com, rote Winglets. Blaues Belly wurde aus Neutralitätsgründen nicht übernommen.;https://www.staralliance.com/en/member-airline/austrian;https://www.planespotters.net/photo/245246/oe-lnt-austrian-airlines-boeing-737-8z9wl
Austrian Airlines;Austrian Airlines / Austrian Arrows Tyrolean;AUA-2003-STARALLIANCE-LOGOSTRIP;Star Alliance Member Logos;Special;AUA-2003-STARALLIANCE;2003;2010;A320|A330|F70;OE-LBR;Star-Alliance-Sondervariante mit Logo-Kachelstreifen der Allianzpartner oberhalb der Fensterreihe. Weißer Rumpf und schwarzes Leitwerk mit Star-Alliance-Logo. In der Bluebelly-Ära teils mit hellblauen Triebwerken bei Narrowbodies. Nachweisbar auf A320 OE-LBR und A330 OE-LAO sowie F70 OE-LFG.;;
Austrian Airlines;Austrian Airlines;AUA-2015-STARALLIANCE;Star Alliance;Special;AUA-2015-MYAUA;2015;2018;A320|A321|B767|B777;OE-LPF;Star-Alliance-Design im myAustrian-Schriftbild. Weißer Rumpf, schwarzer STAR ALLIANCE Titel, Allianzlogo am Leitwerk, rote Austrian-Akzente der Epoche.;;
Austrian Airlines;Austrian Airlines;AUA-2018-STARALLIANCE;Star Alliance;Special;AUA-2018-NEW;2018;–;A320|A321|B777;OE-LPF;Star-Alliance-Design im 2018er Corporate-Refresh. Neutrale Allianzlackierung mit Elementen der aktuellen Austrian-Typografie.;;
Austrian Airlines;Austrian Airlines;AUA-2003-MOZART;Mozart;Special;AUA-2003-BLUEBELLY;2003;2006;A320;OE-LBP;Sonderlackierung Austrian Mozart Year mit Porträt und goldfarbenen Ornamenten anlässlich Mozart Jubiläum;;
Austrian Airlines;Austrian Airlines;AUA-2006-PHILHARMONIKER;Wiener Philharmoniker;Special;AUA-2003-BLUEBELLY;2006;2007;A340;OE-LAL;Sonderbemalung mit goldener Instrumenten Grafik und Schriftzug Wiener Philharmoniker auf blauem Unterrumpf und weißem Oberrumpf Triebwerke weiterhin blau lackiert;;https://www.planespotters.net/photo/036860/oe-lal-austrian-airlines-airbus-a340-313
Austrian Airlines;Austrian Airlines;AUA-2006-EUROVISION;Eurovision Song Contest Vienna;Abwandlung;AUA-2003-BLUEBELLY;2006;2007;A320;OE-LBS;Kurzfristiger Sticker Eurovision Song Contest Vienna 2006 unterhalb der Cockpitscheiben auf Bluebelly Basis;;
Austrian Airlines;Austrian Airlines;AUA-2008-FOOTBALL;ÖFB / UEFA Euro 2008;Special;AUA-2003-BLUEBELLY;2008;2008;F100;OE-LVK;Sonderbemalung anlässlich der UEFA Euro 2008 in Österreich und der Partnerschaft mit dem Österreichischen Fußball-Bund (ÖFB). Weiß-roter Rumpf mit großem roten Fußballsymbol und Schriftzug „ÖFB – Botschafter der Leidenschaft“. Unterrumpf in Austrian-typischem Hellblau (Bluebelly-Stil), Standardleitwerk rot-weiß-rot mit Austrian-Arrow. Eingesetzt von Austrian Arrows (Tyrolean Airways).;https://www.planespotters.net/photo/67309/oe-lvk-austrian-arrows-fokker-100-f28-mark-0100;
Austrian Airlines;Austrian Airlines;AUA-2010-HEART;Heart of Austria;Abwandlung;AUA-2003-BLUEBELLY;2010;2013;A320|A321|E195;OE-LBP;Marketing Aufschrift Heart of Austria rotes Herz am vorderen Rumpf Kampagnenbranding auf Standardlackierung;;
Austrian Airlines;Austrian Airlines;AUA-2012-FORMULA1;Formula 1 / Red Bull Ring;Abwandlung;AUA-2003-BLUEBELLY;2012;2013;A320;OE-LBO;Motorsport Promosticker zum Grand Prix von Österreich beziehungsweise Red Bull Ring platziert auf A320;;
Austrian Airlines;Austrian Airlines;AUA-2013-VPO;Vienna Philharmonic A320;Special;AUA-2003-BLUEBELLY;2013;2016;A320;OE-LBN;Kooperation mit den Wiener Philharmonikern Instrumenten Grafiken und goldene Linien auf dem Rumpf Kurz und Mittelstrecke;;
Austrian Airlines;Austrian Airlines;AUA-2014-VPO2;Vienna Philharmonic B777;Special;AUA-2003-BLUEBELLY;2014;2016;B777;OE-LPD;Langstrecken Umsetzung der Philharmoniker Ornamente erweiterte goldene Elemente großflächige Heckgestaltung;;
Austrian Airlines;Austrian Airlines;AUA-2015-RETRO;Retro Livery 1960s Style;Special;AUA-2015-MYAUA;2015;–;A320;OE-LAL;Retro Design in 60er Optik mit rotem Cheatline und klassischem Logo silberne oder graue Unterseite je nach Maschine;;
Austrian Airlines;Austrian Airlines;AUA-2015-SERVUS;Servus Austrian;Abwandlung;AUA-2015-MYAUA;2015;2018;A320|E195;OE-LBO;Sonderaufschrift Servus Austrian in myAustrian Typografie auf weiß rotem Grund häufig auf Kurzstrecken;;
Austrian Airlines;Tyrolean Airways;AUA-2015-TYROLEANHYB;Tyrolean Hybrid;Abwandlung;AUA-2015-MYAUA;2015;2017;Dash 8;OE-LGO;Übergangslackierung nach Integration der Tyrolean Austrian Titel auf Tyrolean Heck gemischte Branding Elemente;;
Austrian Airlines;Austrian Airlines;AUA-2016-REDWHITEHEART;Red White Heart Servus Österreich;Abwandlung;AUA-2015-MYAUA;2016;2018;A320|A321;OE-LBP;Herz Sticker der Österreich Werbung Servus Österreich Kampagnenbranding auf Standardlackierung;;
Austrian Airlines;Austrian Airlines;AUA-2017-60YEARS;60 Years Austrian Airlines;Abwandlung;AUA-2015-MYAUA;2017;2018;A320;OE-LPD;Jubiläums Sticker 60 Years Austrian Airlines beidseitig am Rumpf anlässlich des Firmenjubiläums;;
Austrian Airlines;Austrian Airlines;AUA-2018-NEWINTRO;First New Livery Aircraft;Abwandlung;AUA-2018-NEW;2018;–;A320;OE-LPD;Erstes Flugzeug mit dem 2018er Corporate Design offizielle Präsentation im Frühjahr 2018;;
Austrian Airlines;Austrian Airlines;AUA-2019-RETRO80S;Retro Livery 1980s Chevron;Special;AUA-2018-NEW;2019;–;A320;OE-LBO;Retro im 80er Chevron Look mit grauem Bauch und rotem Streifen Pyhrn Eisenwurzen Titel;;
Austrian Airlines;Austrian Airlines;AUA-2021-DREAMLINERINTRO;Dreamliner Teaser Sticker;Abwandlung;AUA-2018-NEW;2021;2022;B787;OE-LPD;Sticker The Dreamliner is coming soon als Teaser für die 787 Einflottung vor Übernahme der ersten 787;;
Austrian Airlines;Austrian Airlines;AUA-2023-AUS60;60 Jahre Österreich in der EU;Abwandlung;AUA-2018-NEW;2023;–;A320|A321|B777;OE-LBZ;EU Jubiläums Sticker 60 Jahre Österreich in der EU Kooperation mit öffentlichen Stellen;;
Austrian Airlines;Austrian Airlines;AUA-2025-EXPO;Expo 2025 Osaka Austria;Special;AUA-2018-NEW;2025;–;B777;OE-LBN;Offizielle EXPO 2025 Beklebung Austria at Osaka Austrian als Botschafter Österreichs;;
Austrian Airlines;Austrian Airlines;AUA-2025-STRAUSS;Johann Strauss 200;Abwandlung;AUA-2018-NEW;2025;–;B777;OE-LPF;Sticker zum 200 Geburtstag von Johann Strauss Sohn auf OE LPF ersetzte eine frühere Jubiläumsmarkierung;;
Austrian Airlines;Austrian Air Services;AUA-1980-AAS1;Austrian Air Services Classic;Standard;;1980;1990;Dash 7;OE-LAB;Frühe AAS Bemalung weiß rot blau mit kleiner Austrian Beschriftung am Leitwerk Inlandszubringer der AUA;;
Austrian Airlines;Austrian Air Services;AUA-1990-AAS2;Austrian Air Services Late;Standard;;1990;1993;Dash 7;OE-LAC;Spätere AAS Variante mit größerem Austrian Titel und vereinfachtem Leitwerk kurz vor Einstellung der Marke;;
Austrian Airlines;Rheintalflug;AUA-1995-RHEINTAL;Rheintalflug;Standard;;1995;2001;Dash 8;OE-LRD;Rheintalflug Design in Weiß und Blau nach Übernahme Ergänzung um roten Austrian Titel Regionalnetz Westösterreich;;
Austrian Airlines;Austrian Arrows Tyrolean;AUA-1998-ARROWS;Austrian Arrows;Standard;;1998;2003;Dash 8|F70|CRJ200;OE-LGF;Marke Austrian Arrows operated by Tyrolean weiß rot mit hellblauem Streifen Regionalflotte;;
Austrian Airlines;Austrian Holidays;AUA-2004-HOLIDAYS1;Austrian Holidays Blue;Standard;;2004;2010;A320;OE-LBX;Chartermarke Austrian Holidays blauer Titel und Sonnensymbol Einsatz auf Urlaubsrouten;;
Austrian Airlines;Austrian Holidays;AUA-2010-HOLIDAYS2;Austrian Holidays Red Arrow;Standard;;2010;2015;A320|E195;OE-LBX;Weiterentwicklung der Charter Livery mit Anmutung der Red Arrow Ära angepasster Holidays Schriftzug;;
Austrian Airlines;Austrian Regional Tyrolean;AUA-2012-REGIONAL;Austrian Regional Tyrolean;Standard;;2012;2015;Dash 8|F70|F100;OE-LGO;Übergangsphase operated by Tyrolean Branding der Regionalflotte bis zur Vollintegration in AUA;;
Austrian Airlines;Austrian Holidays;AUA-2016-MYHOLIDAYS;myAustrian Holidays;Abwandlung;AUA-2015-MYAUA;2016;2018;A320|E195;OE-LBX;myAustrian Holidays Titel im myAustrian Design Einsatz auf touristischen Routen Ergänzung zum Hauptbranding;;
Lauda Air;Lauda Air;LDA-1990-CLASSIC;Lauda Air Red Ribbon Classic;Standard;;1990;2000;B737|B767;OE-LAX;Ikonische Lauda-„Red Ribbon“-Livery mit hellgrauem oberen Rumpf, rotem diagonalem Band am Heck und silber-metallischer Unterseite. Der Cockpitbereich ist im gleichen Hellgrau gehalten wie der obere Rumpf. Großes rotes „Lauda“-Logo ohne Kontur und goldene geflügelte Figur („Golden Bird“) auf dem Rumpf. Markantes, elegantes Erscheinungsbild der 1990er-Jahre – internationales Flaggschiff-Design der Lauda Air.;https://www.planespotters.net/photo/1012256/oe-lpa-lauda-air-boeing-777-2z9er;
Lauda Air;Lauda Air;LDA-2000-TRANSITION;Lauda Transition;Variant;LDA-1990-CLASSIC;2000;2005;B737|B767;OE-LAX;Vereinfachte späte Lauda-Air-Lackierung nach 2000 – hellgrau-weißer Rumpf ohne Goldfigur, rotes Leitwerk mit modernisiertem Lauda-Schriftzug. Diente als Zwischenstufe vor Integration in Austrian Airlines. Auf Boeing 737 und 767 eingesetzt.;https://www.airliners.net/photo/Lauda-Air/Boeing-767-3Z9-ER/1237919;
Lauda Air;Lauda Air;LDA-2003-AUSTRIANWAY;The Austrian way to holidays;Variant;LDA-2000-TRANSITION;2003;2006;B737-700/800|B767-300ER;OE-LNO;Letzte Entwicklungsstufe des Lauda-Designs vor Integration in Austrian Airlines. Silber-grauer Rumpf mit roter Cheatline, rotem Lauda-Schriftzug und kleinem Slogan „The Austrian way to holidays“. Golden Bird auf dem Leitwerk beibehalten. Kombination aus Lauda-Farben und Austrian-Branding – Symbol für den Markenübergang.;https://www.planespotters.net/photo/312348/oe-lno-lauda-air-boeing-737-76q;
Lauda Air;Lauda Air;LDA-2004-TIROL;Tirol Special;Special;LDA-1990-CLASSIC;2004;2008;B737-600;OE-LNM;Sonderbemalung „Tirol – Herz der Alpen“ auf Basis der Lauda-Air-Standardlackierung der 1990er-Jahre. Großflächiges Alpenpanorama mit Tirol-Wappen und Schriftzug „Tirol“ entlang des Rumpfs. Rotes Leitwerk mit goldener Taube und Schriftzug „Sound of Music“. Kooperation mit dem Land Tirol.;https://www.planespotters.net/photo/1142071/oe-lnm-lauda-air-boeing-737-6z9;
Lufthansa;Lufthansa;DLH-1955-YELLOWBAND;Yellow Band / Classic Kranich;Standard;;1955;1968;L1049|B707|B720|DC-8;D-ABOC;Erstes Nachkriegs Corporate Design hellmetallischer Rumpf mit gelbem Band und blauem Leitwerk stilisierter Kranich im gelben Kreis;;
Lufthansa;Lufthansa;DLH-1968-BLUECRANE;Blue Crane Senator Livery;Standard;;1968;1988;B707|B727|B737|DC-10;D-ABEB;Neues Corporate Design mit tiefblauem Leitwerk weißem Rumpf und gelbem Kranichkreis entworfen von Otl Aicher;;
Lufthansa;Lufthansa;DLH-1988-MODERNBLUE;Modern Blue;Standard;;1988;2003;A310|A320|A321|A340|B737|B747;D-AIBA;Reinweißes Rumpfdesign mit dunkelblauem Leitwerk klarer typografischer LUFTHANSA Schriftzug Beginn der minimalistischen Ära;;
Lufthansa;Lufthansa;DLH-2003-GRAYBELLY;Gray Belly;Standard;;2003;2018;A320|A330|A340|B747;D-AIHQ;Überarbeitete Variante mit grauer Unterseite und modernisierter Typografie vereinheitlicht innerhalb der Group bis 2018;;
Lufthansa;Lufthansa;DLH-2018-NEWBLUE;Deep Blue Crane;Standard;;2018;–;A320|A321neo|A330|A340|A350|B747|B787;D-AIXK;Markenrefresh 2018 tiefblauer Kranich Hintergrund Wegfall des gelben Kreises größerer Titel modernisiertes Premiumdesign;;
Lufthansa;Lufthansa;DLH-1990-STARALLIANCE;Star Alliance;Special;DLH-1988-MODERNBLUE;1997;–;A321|A330|A340|A350|B747;D-AISE;Standard Design der Star Alliance weißer Rumpf schwarzer Titel Allianzlogo am Leitwerk auf mehreren Maschinen seit 1997;;
Lufthansa;Lufthansa;DLH-2010-FANHANSA;Fanhansa;Special;DLH-2003-GRAYBELLY;2014;2018;A321|A330|A340|B747;D-ABYA;Sonderaufschrift Fanhansa anlässlich Fußball Turnieren Varianten 2014 2016 2018 meist auf Langstreckenjets;;
Lufthansa;Lufthansa;DLH-2014-SIEGERFLIEGER;Siegerflieger Fanhansa;Abwandlung;DLH-2010-FANHANSA;2014;2018;B747;D-ABYA;WM 2014 Sonderlackierung Siegerflieger Fanhansa goldene Titel und Pokalmotiv auf dem Rumpf Symbol des WM Sieges;;
Lufthansa;Lufthansa;DLH-2015-RUNWILD;Run Wild Help Alliance;Special;DLH-2003-GRAYBELLY;2015;2017;A321;D-AIDV;Charity Sonderlackierung Run Wild zugunsten der Help Alliance mit Tiermotiven am Heck und Kampagnenhinweisen;;
Lufthansa;Lufthansa;DLH-2015-FANHANSAWOMEN;Fanhansa Women s World Cup;Abwandlung;DLH-2010-FANHANSA;2015;2015;A321;D-AIDL;Kurzzeitige Variante des Fanhansa Designs mit Women s World Cup 2015 Sticker auf Mittelstrecke;;
Lufthansa;Lufthansa;DLH-2016-RETROJET;RetroJet 60 Years Lufthansa;Special;DLH-2003-GRAYBELLY;2016;2018;B737;D-ABYT;Retro Livery anlässlich des 60 jährigen Bestehens klassisches 1950er Layout mit gelbem Band und altem Schriftzug;;
Lufthansa;Lufthansa;DLH-2017-HOCKEY;Fanhansa Team D Olympia;Abwandlung;DLH-2003-GRAYBELLY;2017;2018;A321;D-AISO;Olympia Sticker Team D mit schwarz rot goldenem Leitwerksdesign zeitlich begrenzte Kampagne;;
Lufthansa;Lufthansa;DLH-2018-CRANETAILTRIAL;Test Livery 2018;Abwandlung;DLH-2018-NEWBLUE;2018;2018;A321|B747;D-ABYA;Prototypische Testversionen des neuen Blaus leichte Unterschiede in Farbton und Logo vor offizieller Einführung;;
Lufthansa;Lufthansa;DLH-2020-LHLOVE;LoveLH;Abwandlung;DLH-2018-NEWBLUE;2020;2021;A320;D-AINZ;Sonderlackierung mit Herzsymbol und Hashtag LoveLH Zeichen für Kundenbindung während der Pandemie;;
Lufthansa;Lufthansa;DLH-2021-FANHANSAEURO;Fanhansa UEFA Euro 2021;Abwandlung;DLH-2010-FANHANSA;2021;2021;A321neo;D-AIEE;Europameisterschaft 2021 Sonderbeklebung mit Fanhansa Logo und Spielernamen im Stil der neuen CI;;
Lufthansa;Lufthansa;DLH-2022-A350BLUE;A350 Five Starhansa;Abwandlung;DLH-2018-NEWBLUE;2022;–;A350;D-AIXQ;Beklebung Five Starhansa als Hinweis auf Skytrax 5 Star Auszeichnung goldene Titel auf Rumpf und Türen;;
Lufthansa;Lufthansa;DLH-2023-CLIMATEPROTECTOR;CleanTech Climate Protector;Abwandlung;DLH-2018-NEWBLUE;2023;–;A320neo;D-AINE;Nachhaltigkeitskampagne mit Climate Protector Sticker Signal für Umweltschutzinitiative innerhalb der Group;;
Lufthansa;Lufthansa;DLH-2024-RHEINGOLD;Rheingold Heritage;Special;DLH-2018-NEWBLUE;2024;–;A321neo;D-AIDH;Sonderlackierung inspiriert von historischen Lufthansa Rheingold Farbschemata und 1960er Design Elementen;;
Lufthansa;Lufthansa;DLH-2025-RETRO1955;70 Years Classic Retro;Special;DLH-2018-NEWBLUE;2025;–;A320neo;D-AINW;Geplante Retro Lackierung 2025 zum 70 jährigen Jubiläum Rückkehr von gelbem Band und klassischer Typografie;;
Swissair;Swissair;SWR-1931-SILVERRED;Swissair Early Silver Red;Standard;;1931;1950;DC-2|Lockheed L-14|DC-3;HB-IRI;Erstes Swissair Design blankmetallischer Rumpf mit rotem Seitenleitwerk und weißem Kreuz klassische 1930er Optik;;
Swissair;Swissair;SWR-1950-CLASSICRED;Swissair Red Stripe;Standard;;1950;1978;DC-6|DC-8|CV-440|DC-9;HB-IDA;Markantes Nachkriegs Design mit rotem Cheatline Band und weißem Kreuz am Leitwerk prägt 50er und 60er Jahre;;
Swissair;Swissair;SWR-1978-REDTAIL;Swissair Red Tail;Standard;;1978;1995;DC-10|MD-80|A310|A320|A330|MD-11;HB-IHL;Modernes Corporate Design ab 1978 großes rotes Leitwerk mit weißem Kreuz eleganter Swissair Schriftzug bekanntes Bild der 80er und 90er;;
Swissair;Swissair;SWR-1995-GLOBE;Swissair Globe Livery;Standard;;1995;2002;A321|A330|MD-11|B747SP;HB-IWA;Überarbeitetes 90er Jahre Design kleinerer Swissair Titel dunkleres Rot stilisierte Weltkugel am Rumpfheck letzte Livery vor dem Grounding;;
Swissair;Swiss International Air Lines;SWR-2002-REDTAIL;Swiss Initial Post Swissair;Standard;;2002;2011;A320|A321|A330|A340|RJ85|RJ100;HB-IWA;Erstes Corporate Design der neuen Swiss nach Swissair Insolvenz weißer Rumpf rotes Heck mit Kreuz kleiner Swiss Titel;;
Swissair;Swiss International Air Lines;SWR-2011-NEWDESIGN;Swiss Clean Red;Standard;;2011;–;A220|A320neo|A330|A340|B777;HB-JCA;Rebranding 2011 vergrößertes Heckkreuz stärkerer Weißanteil reduzierter Titel klassisch puristisches Design;;
Swissair;Swiss International Air Lines;SWR-2006-STARALLIANCE;Star Alliance;Special;SWR-2002-REDTAIL;2006;–;A320|A321|A330|A340|B777;HB-IJM;Star Alliance Livery mit weißem Rumpf schwarzem Titel und Allianzlogo am Leitwerk mehrere Swiss Flugzeuge seit 2006;;
Swissair;Swiss International Air Lines;SWR-2016-CS100INTRO;C Series A220 Launch;Abwandlung;SWR-2011-NEWDESIGN;2016;2018;A220;HB-JBA;Sonderbeklebung C Series Launch Operator bei Indienststellung der ersten Bombardier C Series mit Schriftzug und Speziallogo;;
Swissair;Swiss International Air Lines;SWR-2018-SWISSLANDSCAPE;Swiss Alps Landscape;Special;SWR-2011-NEWDESIGN;2018;2020;A320;HB-IJO;Sonderlackierung mit Schweizer Landschaften und Städtenamen touristische Kampagne Swiss Landscapes in Kooperation mit Schweiz Tourismus;;
Swissair;Swiss International Air Lines;SWR-2018-SCHWEIZERKREUZ;Schweizer Kreuz Special;Abwandlung;SWR-2011-NEWDESIGN;2018;2019;A321;HB-IOC;Variante mit verstärktem rotem Leitwerk und großem Kreuz Übergangsphase während Lackierungsmodernisierung;;
Swissair;Swiss International Air Lines;SWR-2021-OPF;Opfikon Community Sticker;Abwandlung;SWR-2011-NEWDESIGN;2021;2022;A321neo;HB-JPA;Kleine Orts Sticker FlyingSwiss und Opfikon symbolische Ortsbindung an den Firmensitz;;
Swissair;Swiss International Air Lines;SWR-2022-PEOPLENOTPLANE;People Not Planes;Abwandlung;SWR-2011-NEWDESIGN;2022;2023;A220|A320neo;HB-JCL;CSR Kampagne People Not Planes mit Herzsymbol und Text am Rumpf Fokus auf Crew Kultur und Nachhaltigkeit;;
Swissair;Swiss International Air Lines;SWR-2023-CLIMATEPROTECTOR;CleanTech Climate Protector;Abwandlung;SWR-2011-NEWDESIGN;2023;–;A320neo;HB-JDA;Nachhaltigkeitskampagne der Group Sonderlogo CleanTech beziehungsweise Climate Protector auf Neoflotte;;
Swissair;Swiss International Air Lines;SWR-2024-HELVETIA;Helvetia Retro;Special;SWR-2011-NEWDESIGN;2024;–;A321neo;HB-JPF;Retrodesign inspiriert von 1960er Swissair Helvetia silberner Unterrumpf klassischer Schriftzug nostalgische Anmutung;;
SAS Scandinavian Airlines;SAS Scandinavian Airlines;SAS-1946-SILVER;Classic Silver Viking;Standard;;1946;1958;DC-3|DC-4|DC-6|DC-7;LN-IAD;Erste SAS Lackierung blankmetallischer Rumpf blaue Cheatline und skandinavische Flagge am Leitwerk Viking Schriftzug unter Cockpitfenster;;
SAS Scandinavian Airlines;SAS Scandinavian Airlines;SAS-1958-VIKINGBLUE;Viking Blue Cheatline;Standard;;1958;1967;DC-7|Caravelle|DC-8;SE-DBA;Neue Caravelle Ära hellmetallischer Rumpf mit blauem Band SAS Titel in Großbuchstaben Dreiflags Logo am Leitwerk;;
SAS Scandinavian Airlines;SAS Scandinavian Airlines;SAS-1967-NORDICWHITE;Nordic White and Blue;Standard;;1967;1983;DC-8|DC-9|B747|DC-10;LN-RKA;Weißer Rumpf mit blauem Fensterband vergrößerte Dreiflagsmarke goldener Schriftzug Beginn des Jetzeitalters für SAS;;
SAS Scandinavian Airlines;SAS Scandinavian Airlines;SAS-1983-METALSTRIPE;Silver Stripe;Standard;;1983;1998;DC-9|MD-80|B767|B737|MD-90;LN-RMF;Metallischer Unterrumpf mit schmalem blauen Fensterband und roten Triebwerken markantes Design der 80er und 90er Jahre;;
SAS Scandinavian Airlines;SAS Scandinavian Airlines;SAS-1998-SCANBLUE;Scandinavian Blue Tail;Standard;;1998;2019;A320|A321|A330|A340|B737|CRJ900;LN-RKU;Neues Corporate Design weißer Rumpf kräftig blaues Leitwerk mit SAS Logo rote Triebwerke über 20 Jahre Markenbild;;
SAS Scandinavian Airlines;SAS Scandinavian Airlines;SAS-2019-NEWDESIGN;Future Silver Clean SAS;Standard;;2019;–;A320neo|A321LR|A330|A350;SE-ROJ;Aktuelles Design hellgrauer Rumpf mit silbernem SAS Logo überarbeitetes Leitwerk reduziertes Blau graue Triebwerke Symbol für Neuanfang;;
SAS Scandinavian Airlines;SAS Scandinavian Airlines;SAS-1997-STARALLIANCE;Star Alliance;Special;SAS-1983-METALSTRIPE;1997;–;A320|A321|A330|A350|CRJ900;LN-RKO;Standard Star Alliance Bemalung weißer Rumpf schwarzer Titel Allianzlogo am Leitwerk mehrere SAS Maschinen seit 1997;;
SAS Scandinavian Airlines;SAS Scandinavian Airlines;SAS-2010-RETRO;Retro Viking Heritage;Special;SAS-1998-SCANBLUE;2010;2011;A319;LN-RKM;Retro Livery zur Feier 60 Years of SAS Intercontinental silberner Rumpf klassische Cheatline und 1950er SAS Logo;;
SAS Scandinavian Airlines;SAS Scandinavian Airlines;SAS-2015-SCANFLAG;Scandinavian Flag Sticker;Abwandlung;SAS-1998-SCANBLUE;2015;2017;A320|A330;LN-RGL;Kleine Länderflaggen Sticker und Scandinavian Spirit Slogan zur Betonung der Dreinationen Identität;;
SAS Scandinavian Airlines;SAS Scandinavian Airlines;SAS-2020-NEWLOGO;75 Years SAS Logo;Abwandlung;SAS-2019-NEWDESIGN;2020;2021;A320neo;SE-ROG;Kleine Jubiläumsaufschrift 75 Years SAS 1946 2021 auf neuen Neo Jets Teil der Markenfeier;;
SAS Scandinavian Airlines;SAS Scandinavian Airlines;SAS-2022-SCANAIRRETRO;Scanair Heritage;Special;SAS-2019-NEWDESIGN;2022;2023;A321LR;SE-DMO;Retro Beklebung in Erinnerung an Charter Tochter Scanair hellblauer Cheatline Streifen und Retro Schriftzug;;
SAS Scandinavian Airlines;SAS Scandinavian Airlines;SAS-2024-FUTUREGREEN;SAS Future Green Fleet;Abwandlung;SAS-2019-NEWDESIGN;2024;–;A320neo|A350;SE-RSI;Nachhaltigkeitskampagne Future Green Fleet mit grünem Blattlogo und Fly Responsibly Botschaft;;
Widerøe;Widerøe;WIF-1950-GREENBAND;Classic Green Band;Standard;;1950;1984;DH-104|F27|DHC-6|Dash 7;LN-LAB;Frühes Widerøe Design weißer Rumpf grünes Cheatline Band und stilisiertes W am Leitwerk Symbol der norwegischen Regionalära;;
Widerøe;Widerøe;WIF-1984-MODERNSTRIPE;Modern Stripe;Standard;;1984;2000;Dash 7|Dash 8;LN-WID;Neue Corporate Identity der 80er mit grünem Wellenband entlang der Fenster und modernisiertem Logo konsequenter Markenauftritt in Norwegen;;
Widerøe;Widerøe;WIF-2000-NATURGREEN;Nature Green;Standard;;2000;2018;Dash 8;LN-WIF;Bekanntes Nature Green Design Verlauf in Grün und Silbertönen betonte Umweltverbundenheit prägte das moderne Bild Widerøes fast zwei Jahrzehnte;;
Widerøe;Widerøe;WIF-2018-NEWDESIGN;Silver Green New Widerøe;Standard;;2018;–;E190-E2|E195-E2|Dash 8;LN-WEA;Neues Corporate Design 2018 für Embraer Jets silbergrauer Rumpf grünes Heck mit modernem W Logo vereinheitlichtes Branding für Jet und Turbopropflotte;;
Widerøe;Widerøe;WIF-2020-STARALLIANCE;Green Alliance Sticker;Abwandlung;WIF-2018-NEWDESIGN;2020;–;E190-E2;LN-WEB;Green Alliance Sticker anlässlich einer Nachhaltigkeitsinitiative und regionaler Kooperationen nicht zu verwechseln mit Star Alliance;;
Widerøe;Widerøe;WIF-2022-FJORDRETRO;Fjord Retro;Special;WIF-2018-NEWDESIGN;2022;–;Dash 8;LN-WIF;Retrodesign zur Feier 90 Jahre Widerøe grünes Band im Stil der 1950er Jahre Schriftzug Widerøe 1934 2024 auf dem Rumpf;;
Norwegian Air Shuttle;Norwegian Air Shuttle;NAX-1993-ORIGINAL;Original Striped Tail;Standard;;1993;2002;F50|B737;LN-BRP;Erstes Norwegian Design blau weiß rote Streifen am Leitwerk kleiner Titel Norwegian frühe Phase als Regionalcarrier;;
Norwegian Air Shuttle;Norwegian Air Shuttle;NAX-2002-PORTRAIT;Portrait Tail;Standard;;2002;2015;B737;LN-NOL;Bekanntes Tail Heroes Design mit Porträts skandinavischer Persönlichkeiten roter Bug weißer Rumpf blaue Winglets ikonisches Erkennungszeichen;;
Norwegian Air Shuttle;Norwegian UK;NAX-2016-UK;Norwegian UK Rednose;Standard;;2016;2020;B787;G-CKOG;Variante der Portrait Livery für Norwegian UK britische Registrierungen lokale Porträts identisches Farbschema kennzeichnete UK Tochter;;
Norwegian Air Shuttle;Norwegian Air Argentina;NAX-2019-ARGENTINA;Norwegian Air Argentina;Standard;;2018;2020;B737;LV-HQH;Argentinische Tochtergesellschaft leicht angepasster Titel und lokale Porträts lateinamerikanischer Persönlichkeiten Betrieb bis 2020 eingestellt;;
Norwegian Air Shuttle;Norwegian Air Shuttle;NAX-2021-NEWDESIGN;Simplified Rednose;Standard;;2021;–;B737|B737 MAX;LN-NIH;Aktuelles Design nach Restrukturierung vereinfachtes rotes Bugsegment graues Leitwerk modernisierter Norwegian com Titel keine individuellen Porträts;;
Norwegian Air Shuttle;Norwegian Air Shuttle;NAX-2015-6000THBOEING;6000th Boeing 737;Special;NAX-2002-PORTRAIT;2013;2015;B737;LN-NOL;Sonderlackierung 6000th Boeing 737 Boeing Jubiläumsdesign mit speziellem Tailportrait seltene Norwegian Sonderedition;;
Norwegian Air Shuttle;Norwegian Air Shuttle;NAX-2022-RETRO20;20 Years Anniversary Retro;Abwandlung;NAX-2021-NEWDESIGN;2022;2023;B737;LN-NGV;Retro Sticker 20 Years Norwegian am Bug Teil der Jubiläumskampagne zum 20 jährigen Bestehen;;
Norwegian Air Shuttle;Norwegian Air Shuttle;NAX-2024-GREENFUTURE;Green Future;Abwandlung;NAX-2021-NEWDESIGN;2024;–;B737|B737 MAX;LN-NIA;Nachhaltigkeitskampagne Green Future grüner Schriftzug und Blatt Grafik Fokus auf CO2 Reduktion;;
Pan American World Airways;Pan American World Airways;PAA-1931-CLIPPER;Clipper Flying Boats;Standard;;1931;1947;Sikorsky S-40|S-42|Martin M-130|Boeing 314;;Clipper Ära mit Flying Boats Globe Emblem silber weißes Schema mit blauen Akzenten prägend für frühe Interkontinentalflüge;;
Pan American World Airways;Pan American World Airways;PAA-1947-CLASSICCHEAT;Postwar Silver Cheatline;Standard;;1947;1958;DC-4|DC-6|B377|DC-7;;Blankmetall mit blauer Cheatline und Globe am Leitwerk repräsentiert die Nachkriegs Expansionszeit;;
Pan American World Airways;Pan American World Airways;PAA-1958-JETCHEAT;Jet Era Cheatline;Standard;;1958;1967;B707|B720|DC-8;;Frühe Jet Livery mit blauer Fensterband Cheatline und Globe Tail Übergang in das Jetzeitalter;;
Pan American World Airways;Pan American World Airways;PAA-1967-HELVETICA;Blue Globe Helvetica;Standard;;1967;1976;B707|B720|B727|B747;;Helvetica Wortmarke schlanke Cheatline Globe Leitwerk klares 60er 70er Corporate Design;;
Pan American World Airways;Pan American World Airways;PAA-1976-BILLBOARD;Billboard PAN AM;Standard;;1976;1991;B727|A310|B747|B747SP|DC-10;;Weißer Rumpf mit großem PAN AM Billboard Titel und blauem Globe Tail prägendes Bild bis zum Ende der Airline;;
Pan American World Airways;Pan American World Airways;PAA-1986-SHUTTLE;Pan Am Shuttle;Special;PAA-1976-BILLBOARD;1986;1991;B727;;Pan Am Shuttle New York Shuttle Titel basierend auf Billboard CI mit spezifischen Streckenhinweisen;;
Pan American World Airways;Pan American World Airways;PAA-1984-CARGO;Pan Am Cargo;Special;PAA-1976-BILLBOARD;1984;1991;B707|B747;;PAN AM CARGO Titel und Globe Tail klare Differenzierung der Frachtflotte innerhalb der Marke;;
KLM Royal Dutch Airlines;KLM Royal Dutch Airlines;KLM-1958-JETCHEAT;Jet Era Cheatline;Standard;;1958;1967;B707|B720|DC-8;;Jet Ära mit blauer Cheatline und Globe Leitwerk frühe Nachkriegs CI von KLM;;
KLM Royal Dutch Airlines;KLM Royal Dutch Airlines;KLM-1967-HELVETICA;Blue Globe Helvetica;Standard;;1967;1971;B707|B720|B727|DC-8;;Helvetica Titel schlanke Cheatline mit Globe klassisches Spät 60er Design;;
KLM Royal Dutch Airlines;KLM Royal Dutch Airlines;KLM-1971-BLUETOP;Blue Top Classic;Standard;;1971;2002;B747|B737|B727|DC-10|MD-11;;Hellblauer Oberrumpf weiße Trennlinie dunklere Fensterband Cheatline prägte 70er bis 90er;;
KLM Royal Dutch Airlines;KLM Royal Dutch Airlines;KLM-2002-REFRESH;Blue Top Refresh;Standard;;2002;2014;A330|B737|B747|B777|MD-11;;Update 2002 schmalere Cheatline mehr Blaufläche zentraleres Logo modernisierte Typografie;;
KLM Royal Dutch Airlines;KLM Royal Dutch Airlines;KLM-2014-SWOOP;Swoop Cheatline;Standard;;2014;2024;A330|B737|B777|B787|E190;;Gebogene Swoop Cheatline um die Nase gefällige Modernisierung der KLM Identität;;
KLM Royal Dutch Airlines;KLM Royal Dutch Airlines;KLM-2024-NEO;A321neo New Livery;Standard;;2024;–;A321neo;;A321neo Variante mit vollständig blauem Bugbereich leichte Anpassungen an Proportionen und Logos;;
KLM Royal Dutch Airlines;KLM Royal Dutch Airlines;KLM-1995-ASIA;KLM Asia;Special;KLM-1971-BLUETOP;1995;–;B747|B777|A330;;Version ohne Krone im Titel für Taiwan Verkehr regulatorische Anpassung ansonsten KLM Corporate Design;;
KLM Royal Dutch Airlines;KLM Royal Dutch Airlines;KLM-2009-SKYTEAM;SkyTeam Alliance;Special;KLM-2002-REFRESH;2009;–;B737|A330|B777|B787;;SkyTeam Livery in Silber Grau mit SkyTeam Logo und reduziertem KLM Titel eingesetzt auf mehreren Mustern;;
KLM Royal Dutch Airlines;KLM Royal Dutch Airlines;KLM-2016-ORANGEPRIDE;Orange Pride;Special;KLM-2014-SWOOP;2016;–;B777;PH-BVA;Vorderer Rumpf in Orange mit Verlauf in KLM Blau Sichtbarkeit bei Sportereignissen und Landesfeiern;;
KLM Royal Dutch Airlines;KLM Royal Dutch Airlines;KLM-2023-ORANGEPRIDE2;Orange Pride 2.0;Abwandlung;KLM-2016-ORANGEPRIDE;2023;–;B777;PH-BVA;Überarbeitete Orange Pride Version mit verstärktem Orange und Flaggenband dezente Logo Updates;;
KLM Royal Dutch Airlines;KLM Royal Dutch Airlines;KLM-2019-100YEARS;100 Years;Abwandlung;KLM-2014-SWOOP;2019;2020;B787|B737|A330|B777;PH-BKA;Jubiläumslogo 100 am Rumpf im Rahmen der Hundertjahrfeier bei Mainline Flotte und Cityhopper Pendants;;
KLM Royal Dutch Airlines;KLM Cityhopper;KLM-1991-CH-CLASSIC;Cityhopper Classic;Special;KLM-1971-BLUETOP;1991;2002;F50|F70|F100;;Erstes eigenständiges Cityhopper Design weiß blau mit KLM Krone und Cityhopper Schriftzug Regionalflotte;;
KLM Royal Dutch Airlines;KLM Cityhopper;KLM-2002-CH-BLUETOP;Cityhopper Blue Top;Special;KLM-2002-REFRESH;2002;2010;F70|F100|E190;;Angepasstes KLM Blue Top Design für Cityhopper Branding mehr Blau und größerer Titel unter den Fenstern;;
KLM Royal Dutch Airlines;KLM Cityhopper;KLM-2010-CH-REFRESH;Cityhopper Refresh;Special;KLM-2002-REFRESH;2010;2018;E175|E190;;Mehr Weiß großer KLM Cityhopper Titel unter den Fenstern aktualisierte Logos harmonisiert mit Mainline;;
KLM Royal Dutch Airlines;KLM Cityhopper;KLM-2018-CH-EJET;Cityhopper E Jet E2 Launch;Special;KLM-2014-SWOOP;2018;–;E190-E2|E195-E2;;Aktuelles Cityhopper Design mit Swoop Cheatline und E2 spezifischen Details modernisiertes Hecklogo;;
KLM Royal Dutch Airlines;KLM Cityhopper;KLM-2019-CH-100YEARS;Cityhopper 100 Years;Abwandlung;KLM-2018-CH-EJET;2019;2020;E190-E2|E195-E2;;Jubiläumslogo 100 auch bei Cityhopper E2 Flotte durchgängige Feier der Marke über alle Betreiber hinweg;;