model_id;manufacturer;airline_code;airline;airline_row;aircraft_id;aircraft_type;registration;livery;parent_livery;Zusatzinfo;aircraft_name;livery_note;extra_info;model_extra;special_note;Shop;Shop_url;Preis;Versandkosten;Eigenfluege;Postkarte;postkarte_info;postkarte_url;Preis_Postkarte;Foto;logo_id;vorhanden;angekommen;bestellt_am;source_sheet;source_row
OS001;Aeroclassics;OS;Austrian;Austrian;AIB-A319;Airbus A319-100;OE-LDE;AUA-2015-MYAUA;;N:Baku;Baku;;;;;aviationmegastore.com;https://www.aviationmegastore.com/de/modelle/airbus-a319-austrian-airlines-oe-lde-aero-classics-ac411344-208116.html;;;x;U:https://jjpostcards.com/de/ansichtskarten/39091-Austrian-A319.html;;https://jjpostcards.com/de/ansichtskarten/39091-Austrian-A319.html;1,35;https://www.jetphotos.com/photo/10159741;OS_AUA;Wahr;;;AUA;5
OS010;Dragon Wings;OS;Austrian;Austrian;AIB-A320-200;Airbus A320-200;OE-LBP;AUA-1997-QUALIFLYER;AUA-1995-ARROWSTRIPE;L:Qualiflyer;;Qualiflyer;;;;Ebay stoeberdaniel;;36,44;;x;U:https://jjpostcards.com/de/ansichtskarten/14917-austrian-a320.html;;https://jjpostcards.com/de/ansichtskarten/14917-austrian-a320.html;0,85;https://berlin-spotter.de/focus/aua320qualiflyer.jpg;OS_AUA;Wahr;;;AUA;6
OS002;Dragon Wings;OS;Austrian;Austrian;AIB-A321-100;Airbus A321-100;OE-LBB;AUA-1999-STRAUSS;AUA-1995-ARROWSTRIPE;N:Pinzgau | L:Johann Strauss;Pinzgau;Johann Strauss;;;;MW-MOBA;https://mw-moba.de/produkt-kategorie/1400/;24,5;3;x;U:https://jjpostcards.com/de/ansichtskarten/35822-Austrian-A321.html;;https://jjpostcards.com/de/ansichtskarten/35822-Austrian-A321.html;0,85;https://www.planespotters.net/photo/255885/oe-lbb-austrian-airlines-airbus-a321-111;OS_AUA;Wahr;;;AUA;7
OS016;Dragon Wings;OS;Austrian;Austrian;AIB-A321-100;Airbus A321-100;OE-LBB;AUA-1996-1000YEARS;AUA-1995-ARROWSTRIPE;N:Pinzgau | L:1000 Jahre Österreich;Pinzgau;1000 Jahre Österreich;;;;MW-MOBA;;17,5;1,87;x;U:https://jjpostcards.com/de/ansichtskarten/24460-austrian-a321.html;;https://jjpostcards.com/de/ansichtskarten/24460-austrian-a321.html;1,05;https://www.planespotters.net/photo/355580/oe-lbb-austrian-airlines-airbus-a321-111;OS_AUA;Wahr;2025-05-22;;AUA;8
OS007;Herpa Wings;OS;Austrian;Austrian;AIB-A330-200-SL;Airbus A330-200 (Sharklets);OE-LAN;AUA-2003-BLUEBELLY;;N:Arlberg;Arlberg;;;;;Ebay kunstspezi;;59;;;U:https://jjpostcards.com/de/ansichtskarten/19862-austrian-a330.html;;https://jjpostcards.com/de/ansichtskarten/19862-austrian-a330.html;0,85;https://www.planespotters.net/photo/011983/oe-lan-austrian-airlines-airbus-a330-223;OS_AUA;Wahr;;;AUA;10
OS005;Herpa Wings;OS;Austrian;Austrian;AIB-A340-200;Airbus A340-200;OE-LAG;AUA-1995-ARROWSTRIPE;;N:Europe;Europe;;;;;Ebay 0961.boeing.747-400;;39,85;;;U:https://jjpostcards.com/de/ansichtskarten/2243-austrian-a340.html;;https://jjpostcards.com/de/ansichtskarten/2243-austrian-a340.html;0,85;https://www.planespotters.net/photo/015371/oe-lag-austrian-airlines-airbus-a340-211;OS_AUA;Wahr;;;AUA;11
OS015;Herpa Wings;OS;Austrian;Austrian;AIB-A340-300;Airbus A340-300;OE-LAL;AUA-2006-PHILHARMONIKER;AUA-2003-BLUEBELLY;N:Wiener Philharmoniker;Wiener Philharmoniker;;;;;Ebay Leon;;47;;;U:https://jjpostcards.com/de/ansichtskarten/11095-austrian-a340.html;;https://jjpostcards.com/de/ansichtskarten/11095-austrian-a340.html;1,35;https://www.planespotters.net/photo/036860/oe-lal-austrian-airlines-airbus-a340-313;OS_AUA;Wahr;;;AUA;12
OS004;NG Wings;OS;Austrian;Austrian;BOE-737-600;Boeing 737-600;OE-LNL;AUA-2003-BLUEBELLY;;N:Kahlenberg;Kahlenberg;;;;;World of Wings;https://www.world-of-wings.eu/epages/82202172.sf/sec268158f1b3/?ObjectPath=/Shops/82202172/Products/76015;47,95;;;I:andere Kennung | U:https://jjpostcards.com/de/ansichtskarten/19214-austrian-b737.html;andere Kennung;https://jjpostcards.com/de/ansichtskarten/19214-austrian-b737.html;0,85;https://www.planespotters.net/photo/209509/oe-lnl-austrian-airlines-boeing-737-6z9;OS_AUA;Wahr;;;AUA;17
OS011;Witty Wings;OS;Austrian;Austrian;BOE-737-800-WL;Boeing 737-800 (Winglets);OE-LNT;AUA-2003-STARALLIANCE;AUA-2003-BLUEBELLY;N:Gerlitzen | L:Star Alliance;Gerlitzen;Star Alliance;;;;MW-MOBA;https://mw-moba.de/produkt-kategorie/1400/;44,5;5,5;;U:https://jjpostcards.com/de/ansichtskarten/13117-austrianstar-alliance-b737.html;;https://jjpostcards.com/de/ansichtskarten/13117-austrianstar-alliance-b737.html;1,35;https://www.planespotters.net/photo/245246/oe-lnt-austrian-airlines-boeing-737-8z9-wl;OS_AUA;Wahr;;;AUA;20
OS018;JC Wings;OS;Austrian;Austrian;BOE-767-300;Boeing 767-300;OE-LAW;AUA-2018-NEW;;N:China;China;;;;;MW-Moba;;44,5;4,25;;U:https://jjpostcards.com/de/ansichtskarten/37600-Austrian-B767.html;;https://jjpostcards.com/de/ansichtskarten/37600-Austrian-B767.html;0,85;https://www.jetphotos.com/photo/11688863;OS_AUA;Wahr;2025-06-20;;AUA;21
OS009;JC Wings;OS;Austrian;Austrian;BOE-777-200;Boeing 777-200;OE-LPD;AUA-2003-BLUEBELLY;;N:Spirit of Austria;Spirit of Austria;;;;;MW-Moba;https://mw-moba.de/produkt-kategorie/1400/;49,5;5,5;;I:Bemalung nicht ganz exakt | U:https://jjpostcards.com/de/ansichtskarten/42987-austrian-b777.html;Bemalung nicht ganz exakt;https://jjpostcards.com/de/ansichtskarten/42987-austrian-b777.html;1,35;https://www.planespotters.net/photo/1084147/oe-lpd-austrian-airlines-boeing-777-2z9er;OS_AUA;Wahr;;;AUA;22
OS017;JC Wings;OS;Austrian;Austrian;BOE-787-9;Boeing 787-9 Dreamliner;OE-LPM;AUA-2018-NEW;;I:Flaps down | N:Schönbrunn Palace;Schönbrunn Palace;;Flaps down;;;Kleinanzeigen Dan Segal;;47;5,22;;U:https://jjpostcards.com/de/suche?controller=search&s=OE-LPM;;https://jjpostcards.com/de/suche?controller=search&s=OE-LPM;1,35;https://www.planespotters.net/photo/1644019/oe-lpm-austrian-airlines-boeing-787-9-dreamliner;OS_AUA;Wahr;2025-06-16;;AUA;23
OS008;Gemini Jets;OS;Austrian;Austrian Arrows;DHC-DHC8-400;De Havilland Canada DHC-8-400;OE-LGI;AUA-2003-BLUEBELLY;;I:Austrian Arrows | N:Eisenstadt;Eisenstadt;;Austrian Arrows;;;Ebay arniestrains-2;;95,01;;;I:andere Kennung | U:https://jjpostcards.com/de/ansichtskarten/19569-austrian-arrows-dhc-8.html;andere Kennung;https://jjpostcards.com/de/ansichtskarten/19569-austrian-arrows-dhc-8.html;1,85;https://www.planespotters.net/photo/215733/oe-lgi-austrian-arrows-bombardier-dhc-8-402q-dash-8;OS_ARR;Wahr;;;AUA;25
OS013;Aeroclassics;OS;Austrian;Austrian;MCD-DC9-30;Douglas DC-9-30;OE-LDA;AUA-1980-REDARROW;;N:Niederösterreich;Niederösterreich;;;;;Ebay airman3;;117,22;;;U:https://jjpostcards.com/de/ansichtskarten/22566-austrian-dc-9.html;;https://jjpostcards.com/de/ansichtskarten/22566-austrian-dc-9.html;1,35;https://www.planespotters.net/photo/415265/oe-lda-austrian-airlines-mcdonnell-douglas-dc-9-32;OS_AUA;Wahr;;;AUA;28
OS014;Aeroclassics;OS;Austrian;Austrian;MCD-DC9-50;Douglas DC-9-50;OE-LDL;AUA-1980-REDARROW;;N:Linz;Linz;;;;;https://www.avworld.ca/;;65;15,44;;U:https://jjpostcards.com/de/ansichtskarten/40694-Austrian-DC-9.html;;https://jjpostcards.com/de/ansichtskarten/40694-Austrian-DC-9.html;1,35;https://www.planespotters.net/photo/491499/oe-ldl-austrian-airlines-mcdonnell-douglas-dc-9-51;OS_AUA;Wahr;;;AUA;29
OS019;JC Wings;OS;Austrian;Tyrolean Airways;FOK-F70;Fokker 70;OE-LFG;AUA-2003-STARALLIANCE-LOGOSTRIP;AUA-2003-STARALLIANCE;I:Tyrolean Airways | L:Star Alliance;;Star Alliance;Tyrolean Airways;;;Kleinanzeigen Steffi Lang;;49;6;;U:https://jjpostcards.com/de/ansichtskarten/18360-tyroleanstar-alliance-fokker-70.html;;https://jjpostcards.com/de/ansichtskarten/18360-tyroleanstar-alliance-fokker-70.html;0,85;https://www.planespotters.net/photo/1369982/oe-lfg-tyrolean-airways-fokker-70-f28-mark-0070;VO_TYR;Wahr;2025-07-02;;AUA;32
OS003;JC Wings;OS;Austrian;Austrian Arrows;FOK-F100;Fokker 100;OE-LVK;AUA-2008-FOOTBALL;AUA-2003-BLUEBELLY;I:Austrian Arrows | L:Fussballverbindet.at;;Fussballverbindet.at;Austrian Arrows;;;Willhaben;;30;;;I:OE-LVH;OE-LVH;;0,85;https://www.planespotters.net/photo/067309/oe-lvk-austrian-arrows-fokker-100-f28-mark-0100;OS_ARR;Wahr;;;AUA;33
OS012;Aeroclassics;OS;Austrian;Austrian;HAW-HS748;Hawker-Siddeley HS-748;OE-LHT;AUA-1960-CLASSIC;;N:A. Bruckner;A. Bruckner;;;;;Ebay aerosmith102;;105,89;;;U:https://jjpostcards.com/de/ansichtskarten/8685-austrian-hs-748.html;;https://jjpostcards.com/de/ansichtskarten/8685-austrian-hs-748.html;0,85;https://www.planespotters.net/photo/990494/oe-lht-austrian-airlines-hawker-siddeley-hs-748;OS_AUA;Wahr;;;AUA;35
OS006;Aeroclassics;OS;Austrian;Austrian;SUD-Caravelle-VIR;Sud Aviation SE 210 Caravelle VI-R;OE-LCA;AUA-1960-CLASSIC;;N:Wien;Wien;;;;;Ebay nozaman;;110,58;;;U:https://jjpostcards.com/de/ansichtskarten/25888-austrian-caravelle.html;;https://jjpostcards.com/de/ansichtskarten/25888-austrian-caravelle.html;1,35;https://www.planespotters.net/photo/768976/oe-lca-austrian-airlines-sud-aviation-se-210-caravelle-vi-r;OS_AUA;Wahr;;;AUA;38
OS020;Aeroclassics;OS;Austrian;Austrian;VIC-Viscount-800;Vickers Viscount 837;OE-LAM;AUA-1959-CHEATLINE;;N:Ludwig v. Beethoven;Ludwig v. Beethoven;;;;;Aviationmegastore;https://www.aviationmegastore.com/de/modelle/vickers-viscount-800-austrian-oe-lam-aero-classics-ac411459-217204.html;49,54;13,49;;I:andere Kennung | U:https://jjpostcards.com/de/ansichtskarten/28570-austrian-viscount.html;andere Kennung;https://jjpostcards.com/de/ansichtskarten/28570-austrian-viscount.html;1,35;https://abpic.co.uk/pictures/registration/OE-LAM;OS_AUA;Wahr;2026-01-16;;AUA;42
LH009;Herpa Wings;LH;Lufthansa;Lufthansa;AIB-A300-B2;Airbus A300B2;D-AIAA;;;N:Garmisch-Patenkirchen;Garmisch-Patenkirchen;;;;;Kleinanzeigen Josef Voß;;17;5;;U:https://jjpostcards.com/de/ansichtskarten/22280-lufthansa-a300.html;;https://jjpostcards.com/de/ansichtskarten/22280-lufthansa-a300.html;0,85;https://www.airhistory.net/photo/575352/D-AIAA;LH_DLH;Wahr;;;Lufthansa;5
LH001;Phoenix;LH;Lufthansa;Lufthansa;AIB-A320-200-SL;Airbus A320-200 (Sharklets);D-AIZP;;;N:Plauen;Plauen;;;;;Australian Aviation Center;https://www.aviation-center.com.au/index.html;54,97;;x;I:Kennung vom Eigenflug | U:https://jjpostcards.com/de/ansichtskarten/34462-Lufthansa-A320.html;Kennung vom Eigenflug;https://jjpostcards.com/de/ansichtskarten/34462-Lufthansa-A320.html;1,35;https://www.planespotters.net/photo/1313542/d-aizp-lufthansa-airbus-a320-214-wl;LH_DLH;Wahr;;;Lufthansa;12
LH011;Herpa Wings;LH;Lufthansa;Lufthansa;AIB-A321-100;Airbus A321-100;D-AIRX;;;L:Retro-Bemalung 50 J. LH;;Retro-Bemalung 50 J. LH;;;;MW-MOBA;;34,5;1,62;x;U:https://jjpostcards.com/de/ansichtskarten/4470-lufthansa-a321.html;;https://jjpostcards.com/de/ansichtskarten/4470-lufthansa-a321.html;1,05;https://www.planespotters.net/photo/479539/d-airx-lufthansa-airbus-a321-131;LH_DLH;Wahr;2025-05-14;;Lufthansa;14
LH028;Gemini Jets;LH;Lufthansa;Lufthansa;AIB-A321-neo;Airbus A321 neo;D-AIEQ;;;L:600th Airbus Aircraft;;600th Airbus Aircraft;;;;MW-Moba;https://mw-moba.de/Produkt/airbus-a320neo-lufthansa-d-aieq-gemini-jets-gjdlh2238-1400/;30;0,66;;;;;;https://www.planespotters.net/photo/1749659/d-aieq-lufthansa-airbus-a321-271nx;LH_DLH;Wahr;2025-12-06;;Lufthansa;16
LH026;Phoenix;LH;Lufthansa;Lufthansa;AIB-A321-neo;Airbus A321 neo;D-AIEP;;;N:Augsburg;Augsburg;;;;;MW-Moba;https://mw-moba.de/Produkt/airbus-a321neo-lufthansa-d-aiep-phoenix-04541-1400/;39,5;0,97;;I:andere Kennung | U:https://jjpostcards.com/de/ansichtskarten/36687-Lufthansa-A321neo.html;andere Kennung;https://jjpostcards.com/de/ansichtskarten/36687-Lufthansa-A321neo.html;1,35;https://www.planespotters.net/photo/1426175/d-aiep-lufthansa-airbus-a321-271nx;LH_DLH;Wahr;2025-11-12;;Lufthansa;17
LH013;Gemini Jets;LH;Lufthansa;Lufthansa;AIB-A330-300-SL;Airbus A330-300 (Sharklets);D-AIKO;;;N:Koblenz;Koblenz;;;;;MW-MOBA;https://mw-moba.de/Produkt/airbus-a330-300-lufthansa-d-aiko-gemini-jets-gjdlh1831-1400/;44,5;4,25;;-;-;;;https://www.planespotters.net/photo/1343486/d-aiko-lufthansa-airbus-a330-343;LH_DLH;Wahr;2025-06-20;;Lufthansa;19
LH014;Herpa Wings;LH;Lufthansa;Lufthansa;AIB-A340-300;Airbus A340-300;D-AIGF;;;N:Göttingen;Göttingen;;;;;Kleinanzeigen Josef Voß;;15;2,21;;U:https://jjpostcards.com/de/ansichtskarten/22695-lufthansa-a340.html;;https://jjpostcards.com/de/ansichtskarten/22695-lufthansa-a340.html;0,85;https://www.planespotters.net/photo/327157/d-aigf-lufthansa-airbus-a340-311;LH_DLH;Wahr;2025-06-23;;Lufthansa;21
LH019;Gemini Jets;LH;Lufthansa;Lufthansa;AIB-A340-600;Airbus A340-600;D-AIHN;;;N:Gummersbach L:Fanhansa;Gummersbach L:Fanhansa;;;;;MW-MOBA;https://mw-moba.de/Produkt/airbus-a340-600-lufthansa-gummersbach-d-aihn-gemini-jets-gjdlh1318-1400/;54,5;1,42;;U:https://jjpostcards.com/de/ansichtskarten/28198-lufthansa-a340.html;;https://jjpostcards.com/de/ansichtskarten/28198-lufthansa-a340.html;1,35;https://www.planespotters.net/photo/469445/d-aihn-lufthansa-airbus-a340-642;LH_DLH;Wahr;2025-08-20;;Lufthansa;22
LH006;JC Wings;LH;Lufthansa;Lufthansa;AIB-A350-900;Airbus A350-900;D-AIVD;;;L:CleanTechFlyer;;CleanTechFlyer;;;;MW-MOBA;https://mw-moba.de/produkt-kategorie/1400/;39,5;3,25;;-;-;;;https://www.planespotters.net/photo/1278652/d-aivd-lufthansa-airbus-a350-941;LH_DLH;Wahr;;;Lufthansa;23
LH004;Herpa Wings;LH;Lufthansa;Lufthansa;AIB-A380-800;Airbus A380-800;D-AIMA;;;N:Frankfurt am Main;Frankfurt am Main;;;;;MW-MOBA;https://mw-moba.de/produkt-kategorie/1400/;24,5;3;;U:https://jjpostcards.com/de/ansichtskarten/30381-Lufthansa-A380.html;;https://jjpostcards.com/de/ansichtskarten/30381-Lufthansa-A380.html;1,35;https://www.planespotters.net/photo/797719/d-aima-lufthansa-airbus-a380-841;LH_DLH;Wahr;;;Lufthansa;24
LH002;Herpa Wings;LH;Lufthansa;Lufthansa;BOE-707-320;Boeing 707-330B;D-ABUC;;;N:Bremen;Bremen;;;;;Kleinanzeigen Cora Singer;;33;;;I:falsche Reg. | U:https://jjpostcards.com/de/ansichtskarten/16926-lufthansa-b707.html;falsche Reg.;https://jjpostcards.com/de/ansichtskarten/16926-lufthansa-b707.html;0,85;https://www.planespotters.net/photo/754353/d-abub-lufthansa-boeing-707-330b;LH_DLH;Wahr;;;Lufthansa;25
LH024;Aeroclassics;LH;Lufthansa;Lufthansa;BOE-720;Boeing 720;D-ABOH;;;;;;;;;Ebay aerosmith102;https://www.ebay.de/itm/256347481240;41,96;17,21;;U:https://jjpostcards.com/de/ansichtskarten/25939-lufthansa-b720.html + U:https://jjpostcards.com/de/ansichtskarten/41259-Lufthansa-B720.html (andere Kennung, aber in Farbe);;https://jjpostcards.com/de/ansichtskarten/25939-lufthansa-b720.html + U:https://jjpostcards.com/de/ansichtskarten/41259-Lufthansa-B720.html (andere Kennung, aber in Farbe);3,2;https://www.airteamimages.com/boeing-720_d-abop_lufthansa_254936;LH_DLH;Wahr;2025-10-24;;Lufthansa;26
LH018;Aeroclassics;LH;Lufthansa;Lufthansa;BOE-727-100;Boeing 727-100;D-ABIB;;;N:Augsburg;Augsburg;;;;;MW-Moba;https://mw-moba.de/Produkt/boeing-727-100-lufthansa-d-abib-aeroclassics-1400/;39,5;3,23;;I:andere Kennung | U:https://jjpostcards.com/de/ansichtskarten/25938-lufthansa-b727.html;andere Kennung;https://jjpostcards.com/de/ansichtskarten/25938-lufthansa-b727.html;0,85;https://www.airhistory.net/photo/198636/D-ABIB;LH_DLH;Wahr;2025-08-08;;Lufthansa;27
LH007;Herpa Wings;LH;Lufthansa;Lufthansa;BOE-737-200;Boeing 737-200;D-ABHX;;;;;;;;;MW-MOBA;https://mw-moba.de/produkt-kategorie/1400/;39,5;3,25;;U:https://jjpostcards.com/de/ansichtskarten/42674-lufthansa-b737.html;;https://jjpostcards.com/de/ansichtskarten/42674-lufthansa-b737.html;1,35;https://www.jetphotos.com/photo/9958699;LH_DLH;Wahr;;;Lufthansa;29
LH020;Gemini Jets;LH;Lufthansa;Lufthansa;BOE-737-300;Boeing 737-300;D-ABEE;;;N:Ulm;Ulm;;;;;MW-Moba;https://mw-moba.de/Produkt/boeing-737-300-lufthansa-ulm-d-abee-gemini-jets-gjdlh1326-1400/;39,5;1,03;;I:andere Kennung | U:https://jjpostcards.com/de/ansichtskarten/22222-lufthansa-b737.html;andere Kennung;https://jjpostcards.com/de/ansichtskarten/22222-lufthansa-b737.html;1,35;https://www.planespotters.net/photo/684877/d-abee-lufthansa-boeing-737-330;LH_DLH;Wahr;2025-08-20;;Lufthansa;30
LH015;Herpa Wings;LH;Lufthansa;Lufthansa;BOE-737-400;Boeing 737-400;D-ABKB;;;N:Tegernsee;Tegernsee;;;;;Kleinanzeigen Josef Voß;;15;2,21;;U:https://jjpostcards.com/de/ansichtskarten/3582-lufthansa-b737.html;;https://jjpostcards.com/de/ansichtskarten/3582-lufthansa-b737.html;1,35;https://www.airhistory.net/photo/477289/D-ABKB;LH_DLH;Wahr;2025-06-23;;Lufthansa;31
LH021;Gemini Jets;LH;Lufthansa;Lufthansa;BOE-737-500;Boeing 737-500;D-ABIR;;;N:Anklam;Anklam;;;;;MW-Moba;https://mw-moba.de/Produkt/boeing-737-500-lufthansa-anklam-d-abir-gemini-jets-gjdlh1327-1400/;39,5;1,03;;I:andere Kennung | U:https://jjpostcards.com/de/ansichtskarten/21485-lufthansa-b737.html;andere Kennung;https://jjpostcards.com/de/ansichtskarten/21485-lufthansa-b737.html;0,85;https://www.planespotters.net/photo/1100966/d-abir-lufthansa-boeing-737-530;LH_DLH;Wahr;2025-08-20;;Lufthansa;32
LH027;Herpa Wings;LH;Lufthansa;Lufthansa;BOE-747-100;Boeing 747-100;D-ABYA;;;N:Nordrhein Westfalen;Nordrhein Westfalen;;;;;Ebay leonzinn0;https://www.ebay.de/itm/376633905001;30;15;;U:https://jjpostcards.com/de/ansichtskarten/27748-stuttgart-luftaufnahme.html;;https://jjpostcards.com/de/ansichtskarten/27748-stuttgart-luftaufnahme.html;1,85;https://www.planespotters.net/photo/764943/d-abya-lufthansa-boeing-747-130;LH_DLH;Wahr;2025-11-13;;Lufthansa;33
LH029;Dragon Wings;LH;Lufthansa;Lufthansa;BOE-747-200F;Boeing 747-200F;D-ABZF;;;I:Lufthansa Cargo | N:Africa;Africa;;Lufthansa Cargo;;;MW-Moba;https://mw-moba.de/Produkt/boeing-747-200f-lufthansa-cargo-africa-d-abzf-dragon-55075-1400/;20;0,44;;U:https://jjpostcards.com/de/ansichtskarten/24816-lufthansa-cargo-b747.html;;https://jjpostcards.com/de/ansichtskarten/24816-lufthansa-cargo-b747.html;1,05;https://www.jetphotos.com/photo/10539124;LH_DLH;Wahr;2025-12-06;;Lufthansa;35
LH010;Herpa Wings;LH;Lufthansa;Lufthansa;BOE-747-400;Boeing 747-400;D-ABVW;;;N:Berlin;Berlin;;;;;Kleinanzeigen Josef Voß;;17;5;;I:andere Kennung | U:https://jjpostcards.com/de/ansichtskarten/3571-lufthansa-b747.html;andere Kennung;https://jjpostcards.com/de/ansichtskarten/3571-lufthansa-b747.html;1,35;https://www.jetphotos.com/photo/11667623;LH_DLH;Wahr;;;Lufthansa;36
LH003;NG Models;LH;Lufthansa;Lufthansa;BOE-747-8;Boeing 747-8;D-ABYT;;;I:retro;;;retro;;;Kleinanzeigen Rafael Feijs;;75,4;;;U:https://jjpostcards.com/de/ansichtskarten/34173-Lufthansa-B747.html;;https://jjpostcards.com/de/ansichtskarten/34173-Lufthansa-B747.html;1,05;https://www.planespotters.net/photo/1632410/d-abyt-lufthansa-boeing-747-830;LH_DLH;Wahr;;;Lufthansa;37
LH022;JC Wings;LH;Lufthansa;Lufthansa;BOM-CRJ200;Bombardier CRJ-200;D-ACJH;;;N:Little Europe;Little Europe;;;;;MW-Moba;https://mw-moba.de/Produkt/bombardier-crj-200-lufthansa-d-acjh-jc-wings-jc4038-1400/;44,5;1,16;;I:andere Kennung, Typ 100 | U:https://jjpostcards.com/de/ansichtskarten/17572-lufthansa-city-line-crj-100.html;andere Kennung, Typ 100;https://jjpostcards.com/de/ansichtskarten/17572-lufthansa-city-line-crj-100.html;1,85;https://www.planespotters.net/photo/094375/d-acjh-lufthansa-bombardier-crj-200lr-cl-600-2b19;LH_DLH;Wahr;2025-08-20;;Lufthansa;42
LH023;Gemini Jets;LH;Lufthansa;Lufthansa CityLine;BOM-CRJ900;Bombardier CRJ-900;D-ACND;;;I:Lufthansa City Line | N:Meersburg;Meersburg;;Lufthansa City Line;;;MW-Moba;https://mw-moba.de/Produkt/bombardier-crj900-lufthansa-cityline-d-acnd-gemini-jets-gjclh2021-1400/;39,5;1,03;;I:andere Kennung | U:https://jjpostcards.com/de/ansichtskarten/42271-lufthansa-city-line-crj-900.html;andere Kennung;https://jjpostcards.com/de/ansichtskarten/42271-lufthansa-city-line-crj-900.html;1,35;https://www.planespotters.net/photo/1754960/d-acnd-lufthansa-bombardier-crj-900lr-cl-600-2d24;CL_CLH;Wahr;2025-08-20;;Lufthansa;44
LH031;JC Wings;LH;Lufthansa;Lufthansa Regional;EMB-E190;Embraer ERJ-190;D-AECD;;;I:Lufthansa Regional | N:Schkeuditz;Schkeuditz;;Lufthansa Regional;;;Ebay Models Shop;https://www.ebay.de/itm/336326426320;37,66;10,69;;x;x;;;https://www.planespotters.net/photo/1429784/d-aecd-lufthansa-embraer-erj-190lr-erj-190-100-lr;LH_REG;Wahr;2026-01-28;;Lufthansa;49
LH008;Aeroclassics;LH;Lufthansa;Lufthansa;FOK-F27;Fokker F27-400 Friendship;D-BARI;;;;;;;;;https://www.modelyletadel.cz/en/;https://www.modelyletadel.cz/en/;51,53;9,31;;U:https://jjpostcards.com/de/ansichtskarten/5743-lufthansa-f27.html;;https://jjpostcards.com/de/ansichtskarten/5743-lufthansa-f27.html;0,85;https://www.planespotters.net/photo/1084025/d-bari-lufthansa-fokker-f27-400-friendship;LH_DLH;Wahr;;;Lufthansa;52
LH012;JC Wings;LH;Lufthansa;Team Lufthansa;FOK-F50;Fokker 50;D-AFFZ;;;I:Team Lufthansa;;;Team Lufthansa;;;Kleinanzeigen Dan Segal;;25;2,78;;I:andere Kennung | U:https://jjpostcards.com/de/ansichtskarten/18079-contactairteam-lufthansa-fokker-50.html;andere Kennung;https://jjpostcards.com/de/ansichtskarten/18079-contactairteam-lufthansa-fokker-50.html;0,85;https://www.jetphotos.com/photo/10225836;LH_TEA;Wahr;2025-06-16;;Lufthansa;53
LH017;Herpa Wings;LH;Lufthansa;Lufthansa;JUN-JU52-3M;Junkers Ju 52/3m;D-AQUI;;;N:Berlin-Tempelhof;Berlin-Tempelhof;;;;;Ebay Felindre Diecast;https://www.ebay.de/itm/297475926197;47,19;15,35;;U:https://jjpostcards.com/de/ansichtskarten/291-lufthansa-traditionsflug-ju-52.html;;https://jjpostcards.com/de/ansichtskarten/291-lufthansa-traditionsflug-ju-52.html;1,35;https://www.planespotters.net/photo/230024/d-aqui-lufthansa-traditionsflug-junkers-ju-52;LH_DLH;Wahr;2025-08-05;;Lufthansa;55
LH005;Dragon Wings;LH;Lufthansa;Lufthansa;LOC-L1049;Lockheed L-1049G Super Constellation;D-ALEM;;;;;;;;;Kleinanzeigen Rudolf Zimmermann;;37;;;U:https://jjpostcards.com/de/ansichtskarten/27705-lufthansa-super-constellation.html;;https://jjpostcards.com/de/ansichtskarten/27705-lufthansa-super-constellation.html;1,35;https://www.planespotters.net/photo/760654/d-alem-lufthansa-lockheed-l-1049g-super-constellation;LH_DLH;Wahr;;;Lufthansa;56
LH016;Aeroclassics;LH;Lufthansa;Lufthansa;LOC-L1649;Lockheed L-1649A Starliner;D-ALUB;;;;;;;;;Ebay 4booksubid;;36,68;18,34;;U:https://jjpostcards.com/de/ansichtskarten/15766-lufthansa-starliner.html;;https://jjpostcards.com/de/ansichtskarten/15766-lufthansa-starliner.html;0,85;https://www.planepictures.net/v3/show.php?id=614533;LH_DLH;Wahr;2025-07-14;;Lufthansa;57
LH030;Gemini Jets;LH;Lufthansa;Lufthansa Cargo;MCD-MD11F;McDonnell Douglas MD-11F;D-ALCN;;;I:Lufthansa Cargo;;;Lufthansa Cargo;;;MW-Moba;https://mw-moba.de/Produkt/mcdonnell-douglas-md-11f-lufthansa-cargo-d-alcn-gemini-jets-gjdlh1371-1400/;45,18;1,9;Sammelrg.;I:andere Kennung | U:https://jjpostcards.com/de/ansichtskarten/38056-Lufthansa-Cargo-MD-11.html;andere Kennung;https://jjpostcards.com/de/ansichtskarten/38056-Lufthansa-Cargo-MD-11.html;1,35;https://airplane-pictures.net/photo/1114340/d-alcn-lufthansa-cargo-mcdonnell-douglas-md-11f/;LH_GEC;Wahr;2026-01-15;;Lufthansa;59
LH025;Aeroclassics;LH;Lufthansa;Lufthansa;VIC-Viscount-800;Vickers Viscount 814;D-ANUN;;;;;;;;;Ebay aerosmith102;https://www.ebay.de/itm/256605729195;41,96;17,21;;U:https://jjpostcards.com/de/ansichtskarten/25936-lufthansa-viscount.html;;https://jjpostcards.com/de/ansichtskarten/25936-lufthansa-viscount.html;0,85;https://www.airhistory.net/photo/702474/D-ANUN;LH_DLH;Wahr;2025-10-24;;Lufthansa;60
LX003;Herpa Wings;LX;Swiss;Swiss;AIB-A220-100;Airbus A220-100;C-GWXZ;;;I:erste Ankunft einer Bombardier CS100 am ZRH;;;erste Ankunft einer Bombardier CS100 am ZRH;;;MW-MOBA;https://mw-moba.de/Produkt/bombardier-cs100-swiss-international-c-gwxz-herpa-562522-1400/;34,5;1,62;;U:https://jjpostcards.com/de/ansichtskarten/30726-Bombardier-Swiss-CS100.html;;https://jjpostcards.com/de/ansichtskarten/30726-Bombardier-Swiss-CS100.html;1,35;https://www.planespotters.net/photo/1702172/c-gwxz-bombardier-bombardier-cseries-cs100-bd-500-1a10;LX_SWR;Wahr;2025-05-14;;Swiss;4
LX006;Herpa Wings;LX;Swiss;Swiss;AIB-A220-300;Airbus A220-300;HB-JCA;;;L:Fete de Vignerons;;Fete de Vignerons;;;;MW-Moba;https://mw-moba.de/Produkt/airbus-a220-300-swiss-international-fete-de-vignerons-hb-jca-herpa-562713-1400/;34,5;2,12;;U:https://jjpostcards.com/de/ansichtskarten/36119-Swiss-A220.html;;https://jjpostcards.com/de/ansichtskarten/36119-Swiss-A220.html;1,35;https://www.planespotters.net/photo/994127/hb-jca-swiss-bombardier-cseries-cs300-bd-500-1a11;LX_SWR;Wahr;2025-10-08;;Swiss;5
LX014;Herpa Wings;LX;Swiss;Swiss;AIB-A310-200;Airbus A310-200;HB-IPA;;;I:Swissair;;;Swissair;;;MW-Moba;https://mw-moba.de/Produkt/airbus-a310-200-swissair-hb-ipa-herpa-560771-1400/;30;0,66;;U:https://jjpostcards.com/de/ansichtskarten/4839-swissair-a310.html;;https://jjpostcards.com/de/ansichtskarten/4839-swissair-a310.html;1,35;https://www.jetphotos.com/photo/10644669;LX_SWR;Wahr;2025-12-06;;Swiss;6
LX005;Herpa Wings;LX;Swiss;Swiss;AIB-A320-200;Airbus A320-200;HB-IJM;;;L:Hop Suisse!;;Hop Suisse!;;;;MW-Moba;https://mw-moba.de/Produkt/airbus-a320-swiss-international-air-lines-hop-suisse-hb-ijm-herpa-562027-1400/;19,5;0,51;;U:https://jjpostcards.com/de/ansichtskarten/38110-Swiss-A320.html;;https://jjpostcards.com/de/ansichtskarten/38110-Swiss-A320.html;1,35;https://www.planespotters.net/photo/435145/hb-ijm-swiss-airbus-a320-214;LX_SWR;Wahr;2025-08-20;;Swiss;8
LX009;Witty Wings;LX;Swiss;Swiss;AIB-A320-200;Airbus A320-200;HB-IJD;;;;;;;;;Ebay philundines;https://www.ebay.de/itm/146906406759;15,5;1,97;;U:https://jjpostcards.com/de/ansichtskarten/22624-swiss-a320.html;;https://jjpostcards.com/de/ansichtskarten/22624-swiss-a320.html;0,85;https://www.planespotters.net/photo/170402/hb-ijd-swiss-airbus-a320-214;LX_SWR;Wahr;2025-11-03;;Swiss;9
LX012;Phoenix;LX;Swiss;Swiss;AIB-A320-neo;Airbus A320neo;HB-JDC;;;I:red nose | N:Pontresina;Pontresina;;red nose;;;MW-Moba;https://mw-moba.de/Produkt/airbus-a320neo-swiss-hb-jdc-phoenix-11784-1400/;39,5;0,97;;I:andere Kennung | U:https://jjpostcards.com/de/ansichtskarten/26621-swiss-a320.html;andere Kennung;https://jjpostcards.com/de/ansichtskarten/26621-swiss-a320.html;1,35;https://www.planespotters.net/photo/1358550/hb-jdc-swiss-airbus-a320-271n;LX_SWR;Wahr;2025-11-12;;Swiss;11
LX011;Tucano Line;LX;Swiss;Swissair;AIB-A321-100;Airbus A321-100;HB-IOH;;;I:Swissair | L:The Qualiflyer Group;;The Qualiflyer Group;Swissair;;;Kleinanzeigen Finn;https://www.kleinanzeigen.de/s-anzeige/tucano-line-swissair-a321-1-400/3231715559-234-9491;21;7;;U:https://jjpostcards.com/de/ansichtskarten/3072-swissair-a321.html;;https://jjpostcards.com/de/ansichtskarten/3072-swissair-a321.html;1,35;https://www.airliners.net/photo/Swissair/Airbus-A321-111/107362/L;SR_SWR;Wahr;2025-11-12;;Swiss;12
LX002;Phoenix;LX;Swiss;Swiss;AIB-A321-200-SL;Airbus A321-200 (Sharklets);HB-ION;;;N:Lugano;Lugano;;;;;Swiss-Edelweiss Airplane Shop;https://swiss-edelweiss.li/;63,24;;x;I:andere Kennung | U:https://jjpostcards.com/de/ansichtskarten/9633-swissair-a321.html;andere Kennung;https://jjpostcards.com/de/ansichtskarten/9633-swissair-a321.html;0,85;https://www.planespotters.net/photo/1305538/hb-ion-swiss-airbus-a321-212-wl;LX_SWR;Wahr;;;Swiss;13
LX018;Dragon Wings;LX;Swiss;Edelweiss;AIB-A330-200-SL;Airbus A330-200 (Sharklets);HB- IQZ;;;I:Edelweiss | N:Bahari;Bahari;;Edelweiss;;;Ebay bigbird1946;https://www.ebay.de/itm/336405846019;15;2,01;;U:https://jjpostcards.com/de/ansichtskarten/6978-edelweiss-a330.html;;https://jjpostcards.com/de/ansichtskarten/6978-edelweiss-a330.html;0,85;https://cdn.jetphotos.com/full/2/11550_1280047497.jpg;WK_EDW;Wahr;2026-02-13;;Swiss;15
LX015;Phoenix;LX;Swiss;Swissair;BOE-747-200;Boeing 747-200;HB-IGB;;;I:Swissair | N:Zurich;Zurich;;Swissair;;;MW-Moba;https://mw-moba.de/Produkt/boeing-747-257b-swissair-hb-igb-phoenix-11836-1400/;35;0,77;;U:https://jjpostcards.com/de/ansichtskarten/4831-swissair-b747.html;;https://jjpostcards.com/de/ansichtskarten/4831-swissair-b747.html;1,35;https://www.airhistory.net/photo/672110/HB-IGB;SR_SWR;Wahr;2025-12-06;;Swiss;19
LX007;JC Wings;LX;Swiss;Swiss;BOE-777-300ER;Boeing 777-300ER;HB-JNA;;;L:Faces of Swiss;;Faces of Swiss;;;;MW-MOBA;https://mw-moba.de/Produkt/boeing-777-300er-swiss-hb-jna-jc-wings-xx4683-1400/;39,5;2,43;;U:https://jjpostcards.com/de/ansichtskarten/31112-Swiss-B777.html;;https://jjpostcards.com/de/ansichtskarten/31112-Swiss-B777.html;1,05;https://www.planespotters.net/photo/729405/hb-jna-swiss-boeing-777-3deer;LX_SWR;Wahr;2025-10-08;;Swiss;20
LX001;?;LX;Swiss;Swiss;BAE-146-300;British Aerospace Avro RJ100;HB-IXU;;;;;;;;;Swiss-Edelweiss Airplane Shop;https://swiss-edelweiss.li/;56,91;;x;I:vorhanden;vorhanden;;;https://www.planespotters.net/photo/321617/hb-ixu-swiss-british-aerospace-avro-rj100-146-rj100;LX_SWR;Wahr;;;Swiss;22
LX013;Herpa Wings;LX;Swiss;Swiss;CON-CV880;Convair CV-880 Golden Arrow;HB-ICL;;;;;;;;;MW-Moba;https://mw-moba.de/Produkt/convair-880-swissair-hb-icl-herpa-560528-1400/;34,5;0,85;;I:andere Kennung | U:https://jjpostcards.com/de/ansichtskarten/27673-swissair-cv-880.html;andere Kennung;https://jjpostcards.com/de/ansichtskarten/27673-swissair-cv-880.html;1,35;https://www.airliners-airlines.de/fotoserien/swissair/hb_icl.jpg;LX_SWR;Wahr;2025-11-12;;Swiss;23
LX010;Witty Wings;LX;Swiss;Swissair;CON-CV990;Convair CV-990 Coronado;HB-ICC;;;I:Swissair | N:St. Gallen;St. Gallen;;Swissair;;;Ebay Felindre Diecast;https://www.ebay.de/itm/376644211863?_skw=1%2F400&itmmeta=01K8TKQVTGS1TSTH10Y1AR8G6V&hash=item57b1be9497%3Ag%3AfBsAAeSwZApo-mNk&LH_Auction=1;39,88;4,34;;U:https://jjpostcards.com/de/ansichtskarten/36596-Swissair-CV-990.html;;https://jjpostcards.com/de/ansichtskarten/36596-Swissair-CV-990.html;1,35;https://www.jetphotos.com/photo/6081412;SR_SWR;Wahr;2025-11-05;;Swiss;24
ORD-LX-26;Gemini Jets;LX;Swiss;Swissair;DOU-DC6-B;Douglas DC-6B;HB-IBO;;;I:Swissair | N:Luzern;Luzern;;Swissair;;;Ebay Felindre Diecast;https://www.ebay.de/itm/297974448970;37,17;5,62;;U:https://jjpostcards.com/de/ansichtskarten/42043-Swissair-DC-6-Pan-Am-DC-7.html;;https://jjpostcards.com/de/ansichtskarten/42043-Swissair-DC-6-Pan-Am-DC-7.html;1,35;https://www.airliners.net/photo/Swissair/Douglas-DC-6B/108683;SR_SWR;Falsch;;2026-02-22;Swiss;26
LX017;Gemini Jets;LX;Swiss;Swissair;DOU-DC8-30;Douglas DC-8-32;HB-IDA;;;I:Swissair;;;Swissair;;;Ebay Kontorbuer;https://www.ebay.de/itm/257315911157;17;1,84;;I:andere Kennung | U:https://jjpostcards.com/de/ansichtskarten/25909-swissair-dc-8.html;andere Kennung;https://jjpostcards.com/de/ansichtskarten/25909-swissair-dc-8.html;1,35;https://www.airhistory.net/photo/249732/HB-IDA;SR_SWR;Wahr;2026-01-27;;Swiss;27
LX016;Aeroclassics;LX;Swiss;Swissair;DOU-DC8-50;Douglas DC-8-53;HB-IDB;;;I:Swissair;;;Swissair;;;MW-Moba;https://mw-moba.de/Produkt/douglas-dc-8-50-swissair-hb-idb-aeroclassics-1400/;74,2;3,12;Sammelrg.;U:https://jjpostcards.com/de/ansichtskarten/8651-swissair-dc-8.html;;https://jjpostcards.com/de/ansichtskarten/8651-swissair-dc-8.html;0,85;https://www.airhistory.net/photo/373164/HB-IDB;SR_SWR;Wahr;2026-01-15;;Swiss;28
LX008;JC Wings;LX;Swiss;Swissair;MCD-MD11;McDonnell Douglas MD-11;HB-IWI;;;I:Swissair | N:Dent Blanche;Dent Blanche;;Swissair;;;MW-Moba;https://mw-moba.de/Produkt/mcdonnell-douglas-md-11-swissair-hb-iwi-jc-wings-xx4051-1400/;44,5;2,74;;I:andere Kennung | U:https://jjpostcards.com/de/ansichtskarten/9571-swissair-md-11.html;andere Kennung;https://jjpostcards.com/de/ansichtskarten/9571-swissair-md-11.html;1,35;https://abpic.co.uk/pictures/view/1072413;SR_SWR;Wahr;2025-10-08;;Swiss;32
LX004;Dragon Wings;LX;Swiss;Swiss;MCD-MD81;McDonnell Douglas MD-81;HB-IND;;;L:Servus Wien;;Servus Wien;;;;Ebay Waffle Collection;;24,94;28,57;;U:https://jjpostcards.com/de/ansichtskarten/6605-swissair-md-80.html;;https://jjpostcards.com/de/ansichtskarten/6605-swissair-md-80.html;0,85;https://www.jetphotos.com/photo/10376450;LX_SWR;Wahr;2025-07-15;;Swiss;33
BT001;Herpa Wings;BT;Air Baltic;AirBaltic;AIB-A220-300;Airbus A220-300;YL-AAU;;;L:100th Airbus A220;;100th Airbus A220;;;;Sklep Modelarski;https://shop.dcc24.eu/en/herpa/22453-herpa-562607-cs300-airbaltic-4013150562607.html;40,59;24,21;x;U:https://jjpostcards.com/de/ansichtskarten/38752-Air-Baltic-A220.html;;https://jjpostcards.com/de/ansichtskarten/38752-Air-Baltic-A220.html;1,35;https://www.planespotters.net/photo/1636685/yl-aau-airbaltic-airbus-a220-300-bd-500-1a11;BT_BTI;Wahr;2025-10-10;;AirBaltic;4
AB001;Dragon Wings;AB;Air Berlin;Air Berlin;AIB-A320-200;Airbus A320-200;D-ABDQ;;;;;;;;;Ebay philundines;https://www.ebay.de/itm/146906385605;15;1,9;;I:andere Kennung | U:https://jjpostcards.com/de/ansichtskarten/10314-air-berlin-a320.html;andere Kennung;https://jjpostcards.com/de/ansichtskarten/10314-air-berlin-a320.html;1,35;https://www.planespotters.net/photo/172370/d-abdq-air-berlin-airbus-a320-214;AB_BER;Wahr;2025-11-03;;AirBerlin;6
ORD-AB-7;Herpa Wings;AB;Air Berlin;Air Berlin;AIB-A320-200;Airbus A320-200;D-ABDA;;;;;;;;;Ebay bigbird1946;https://www.ebay.de/itm/336436876123;10,5;2,76;;I:andere Kennung | U:https://jjpostcards.com/de/ansichtskarten/10528-air-berlin-a320.html;andere Kennung;https://jjpostcards.com/de/ansichtskarten/10528-air-berlin-a320.html;1,35;https://www.planespotters.net/photo/1232122/d-abda-air-berlin-airbus-a320-214;AB_BER;Falsch;;2026-02-22;AirBerlin;7
AB003;Herpa Wings;AB;Air Berlin;Air Berlin;BOE-737-800-WL;Boeing 737-800 (Winglets);D-ABAF;;;;;;;;;Ebay krysset_4;https://www.ebay.de/itm/326941696366;17;5,42;;I:andere Kennung | U:https://jjpostcards.com/de/ansichtskarten/2654-air-berlin-b737.html;andere Kennung;https://jjpostcards.com/de/ansichtskarten/2654-air-berlin-b737.html;0,85;https://www.planespotters.net/photo/330892/d-abaf-air-berlin-boeing-737-86j-wl;AB_BER;Wahr;2026-01-23;;AirBerlin;19
AB002;JC Wings;AB;Air Berlin;Air Berlin;BOE-757-200;Boeing 757-200;HB-IHR;;;;;;;;;MW-Moba;https://mw-moba.de/Produkt/boeing-757-200-air-berlin-hb-ihr-jc-wings-lh4091-1400/;28;0,61;;I:andere Kennung | U:https://jjpostcards.com/de/ansichtskarten/10342-air-berlin-b757.html;andere Kennung;https://jjpostcards.com/de/ansichtskarten/10342-air-berlin-b757.html;1,35;https://www.planespotters.net/photo/079624/hb-ihr-air-berlin-boeing-757-2g5;AB_BER;Wahr;2025-12-06;;AirBerlin;20
AF001;Herpa Wings;AF;Air France;Air France;AIB-A318;Airbus A318-100;F-GUGD;;;;;;;;;MW-Moba;https://mw-moba.de/Produkt/airbus-a318-air-france-f-gugd-herpa-562232-1400/;35;0,77;;I:andere Kennung | U:https://jjpostcards.com/de/ansichtskarten/5649-air-france-a318.html;andere Kennung;https://jjpostcards.com/de/ansichtskarten/5649-air-france-a318.html;0,85;https://www.planespotters.net/photo/930200/f-gugd-air-france-airbus-a318-111;AF_AFR;Wahr;2025-12-06;;AirFrance;11
AF002;Herpa Wings;AF;Air France;Air France;BOE-777-300ER;Boeing 777-300ER;F-GSQB;;;;;;;;;MW-Moba;https://mw-moba.de/Produkt/boeing-777-300er-air-france-f-gsqb-herpa-561259-1400/;26,94;1,38;Sammelrg.;I:andere Kennung | U:https://jjpostcards.com/de/ansichtskarten/31131-Air-France-B777.html;andere Kennung;https://jjpostcards.com/de/ansichtskarten/31131-Air-France-B777.html;1,35;https://www.planespotters.net/photo/057372/f-gsqb-air-france-boeing-777-328er;AF_AFR;Wahr;2026-01-15;;AirFrance;34
AF003;Herpa Wings;AF;Air France;Air France HOP;EMB-E170;Embraer ERJ-170;F-HBXE;;;L:Hop! for Air France;;Hop! for Air France;;;;MW-Moba;https://mw-moba.de/Produkt/embraer-e170-hop-for-air-france-f-hbxe-herpa-562621-1400/;32,5;1,13;Sammelrg.;U:https://jjpostcards.com/de/ansichtskarten/32999-regional-airl-hop-embraer-170.html;;https://jjpostcards.com/de/ansichtskarten/32999-regional-airl-hop-embraer-170.html;1,05;https://www.planespotters.net/photo/1444982/f-hbxe-hop-embraer-erj-170std-erj-170-100;A5_HOP;Wahr;2026-01-15;;AirFrance;53
AZ002;Gemini Jets;AZ;Alitalia;Alitalia;AIB-A330-200-SL;Airbus A330-200 (Sharklets);EI-EJG;;;N:Raffaelo Sanzio;Raffaelo Sanzio;;;;;Ebay bigbird1946;https://www.ebay.de/itm/336405838642;15,5;2,07;;I:andere Kennung | U:https://jjpostcards.com/de/ansichtskarten/9829-alitalia-a330.html;andere Kennung;https://jjpostcards.com/de/ansichtskarten/9829-alitalia-a330.html;1,35;https://www.planespotters.net/photo/408884/ei-ejg-alitalia-compagnia-aerea-italiana-airbus-a330-202;AZ_AZA;Wahr;2026-02-13;;Alitalia;9
AZ003;Gemini Jets;AZ;Alitalia;Alitalia;BOE-777-200ER;Boeing 777-200ER Extended Range;I-DISA;;;N:Taormina;Taormina;;;;;Ebay bigbird1946;https://www.ebay.de/itm/336412108496;16,01;2,14;;U:https://jjpostcards.com/de/ansichtskarten/10015-alitalia-b777.html;;https://jjpostcards.com/de/ansichtskarten/10015-alitalia-b777.html;1,35;https://www.jetphotos.com/photo/7936576;AZ_AZA;Wahr;2026-02-13;;Alitalia;15
AZ001;Gemini Jets;AZ;Alitalia;Alitalia;DOU-DC8-40;Douglas DC-8-40;I-DIWA;;;;;;;;;Kleinanzeigen Matthias Kock;;30;;;U:https://jjpostcards.com/de/ansichtskarten/37117-Alitalia-DC-8.html;;https://jjpostcards.com/de/ansichtskarten/37117-Alitalia-DC-8.html;1,35;https://www.azfleet.info/aerei/douglas-dc8/i-diwa;AZ_AZA;Wahr;;;Alitalia;16
BA001;Herpa Wings;BA;British Airways;British Airways;SUD-CONCORDE;Aérospatiale/BAC Concorde;G-BOAD;;;;;;;;;Kleinanzeigen Josef Voß;;15;3,2;;U:https://jjpostcards.com/de/ansichtskarten/3021-british-airways-concorde.html;;https://jjpostcards.com/de/ansichtskarten/3021-british-airways-concorde.html;1,35;https://www.planespotters.net/photo/1658048/g-boad-british-airways-aerospatiale-bac-concorde-102;BA_BAW;Wahr;;;BA;15
BA006;Aeroclassics;BA;British Airways;British Airways;BAC-111-400;BAC 1-11 Series 400;G-AVOE;;;;;;;;;MW-Moba;https://mw-moba.de/Produkt/bac-111-one-eleven-british-airways-g-avoe-aeroclassics-1400/;36,89;1,55;Sammelrg.;;;;;https://abpic.co.uk/pictures/view/1178552;BA_BAW;Wahr;2026-01-15;;BA;16
BA004;Gemini Jets;BA;British Airways;British Airways;BOE-787-8;Boeing 787-8 Dreamliner;G-ZBJG;;;;;;;;;MW-Moba;https://mw-moba.de/Produkt/boeing-787-8-british-airways-g-zbjg-gemini-jets-gjbaw2107-1400/;30;0,66;;I:andere Kennung | U:https://jjpostcards.com/de/ansichtskarten/26711-british-airways-b787.html;andere Kennung;https://jjpostcards.com/de/ansichtskarten/26711-british-airways-b787.html;1,35;https://www.planespotters.net/photo/1513102/g-zbjg-british-airways-boeing-787-8-dreamliner;BA_BAW;Wahr;2025-12-06;;BA;36
BA005;Gemini Jets;BA;British Airways;British Airways;BAE-146-200;British Aerospace 146-200;G-GNTZ;;;;;;;;;MW-Moba;https://mw-moba.de/Produkt/bae-146-rj-85-british-airways-g-gntz-gemini-jets-gjbaw678-1400/;40;0,88;;I:andere Bemalung | U:https://jjpostcards.com/de/ansichtskarten/15009-british-regionalba-expr-146.html;andere Bemalung;https://jjpostcards.com/de/ansichtskarten/15009-british-regionalba-expr-146.html;0,85;https://abpic.co.uk/pictures/view/1732136;BA_BAW;Wahr;2025-12-06;;BA;42
BA009;Gemini Jets;BA;British Airways;BEA;HAW-Trident-2;Hawker Siddeley HS-121 Trident 2;G-AVFB;;;I:BEA;;;BEA;;;Kleinanzeigen Micha;https://www.kleinanzeigen.de/s-anzeige/flugzeugmodell-bea-british-european-trident-gemini-jets-1-400/3301263814-234-9047;35,85;4,7;;I:andere Kennung | U:https://jjpostcards.com/de/ansichtskarten/29580-bea-trident-boac-vc-10.html;andere Kennung;https://jjpostcards.com/de/ansichtskarten/29580-bea-trident-boac-vc-10.html;1,35;https://www.jetphotos.com/photo/11185579;BE_BEA;Wahr;2026-01-27;;BA;64
BA007;Gemini Jets;BA;British Airways;BEA;HAW-Trident-3;Hawker Siddeley HS-121 Trident 3;G-AWZN;;;I:BEA;;;BEA;;;MW-Moba;https://mw-moba.de/produkt/hawker-siddeley-hs121-trident-2e-bea-g-avff-gemini-jets-gjbea751-1400/;32,75;1,38;Sammelrg.;I:andere Kennung | U:https://jjpostcards.com/de/ansichtskarten/1952-bea-trident.html;andere Kennung;https://jjpostcards.com/de/ansichtskarten/1952-bea-trident.html;0,85;https://www.airteamimages.com/hawker-siddeley-trident_g-awzn_bea-british-european-airways_40653;BE_BEA;Wahr;2026-01-15;;BA;65
BA008;Gemini Jets;BA;British Airways;British Airways;MCD-DC10-30;McDonnell Douglas DC-10-30;G-BEBM;;;N:Sherwood Forest;Sherwood Forest;;;;;Ebay Kontorbuer;https://www.ebay.de/itm/257315911323;29;3,14;;U:https://jjpostcards.com/de/ansichtskarten/9368-british-airways-dc-10.html;;https://jjpostcards.com/de/ansichtskarten/9368-british-airways-dc-10.html;1,85;https://www.airhistory.net/photo/747410/G-BEBM;BA_BAW;Wahr;2026-01-27;;BA;68
BA003;Gemini Jets;BA;British Airways;British Airways;SAB-340;Saab 340;G-LGNB;;;I:Loganair;;;Loganair;;;MW-Moba;https://mw-moba.de/Produkt/saab-340b-british-airways-loganair-g-lgnb-gemini-jets-gjlog1116-1400/;50;1,23;;x;x;;;https://www.planespotters.net/photo/166233/g-lgnb-british-airways-saab-340b;BA_BAW;Wahr;2025-11-12;;BA;69
BA002;JC Wings;BA;British Airways;British Airways;SHO-360;Shorts 360;G-BNYI;;;;;;;;;Ebay Littleworth Models;https://www.ebay.de/itm/157409674233;59,19;21,68;;I:andere Bemalung, andere Kennung | U:https://jjpostcards.com/de/?airline=british-airways&flugzeugtyp=short-360;andere Bemalung, andere Kennung;https://jjpostcards.com/de/?airline=british-airways&flugzeugtyp=short-360;0,85;https://www.airhistory.net/photo/697193/G-BNYI;BA_BAW;Wahr;2025-11-10;;BA;71
ORD-BOA-11;Gemini Jets;BOA;BOAC;BOAC;BOE-747-100;Boeing 747-100;G-AWNB;;;;;;;;;Ebay bigbird1946;https://www.ebay.de/itm/336432349675;23,5;6,18;;I:andere Kennung, nicht exakte Beschriftung | U:https://jjpostcards.com/de/ansichtskarten/25719-british-airways-b747.html;andere Kennung, nicht exakte Beschriftung;https://jjpostcards.com/de/ansichtskarten/25719-british-airways-b747.html;1,35;https://www.airhistory.net/photo/338505/G-AWNB;BA_BOA;Falsch;;2026-02-22;BOAC;11
BOA001;Gemini Jets;BOA;BOAC;BOAC;BRI-Britannia-312;Bristol 175 Britannia 312;G-AOVK;;;;;;;;;MW-MOBA;https://mw-moba.de/Produkt/bristol-britannia-series-310-boac-g-aovk-gemini-jets-gjboa131-1400/;44,5;1,16;;I:andere Kennung | U:https://jjpostcards.com/de/ansichtskarten/26125-boac-britannia.html;andere Kennung;https://jjpostcards.com/de/ansichtskarten/26125-boac-britannia.html;1,35;https://www.airhistory.net/photo/12485/G-AOVK;BA_BOA;Wahr;2025-08-20;;BOAC;12
BOA002;Gemini Jets;BOA;BOAC;BOAC;VIC-VC10-SUPER;BAC Vickers VC-10 Super;G-ASGH;;;;;;;;;MW-MOBA;https://mw-moba.de/Produkt/vickers-super-vc10-boac-g-asgh-gemini-jets-gjbaw657-1400/;44,5;1,16;;U:https://jjpostcards.com/de/ansichtskarten/26130-boac-vc-10.html;;https://jjpostcards.com/de/ansichtskarten/26130-boac-vc-10.html;1,35;https://www.airhistory.net/photo/574510/G-ASGH;BA_BOA;Wahr;2025-08-20;;BOAC;19
HF003;Aeroclassics;HF;Hapag-Lloyd;Hapag-Lloyd;AIB-A300-B4;Airbus A300B4;D-AHLA;;;;;;;;;MW-Moba;https://mw-moba.de/Produkt/airbus-a300-hapag-lloyd-d-ahla-aeroclassics-1400/;32,75;1,38;Sammelrg.;I:gleiche Kennung, andere Livery | U:https://jjpostcards.com/de/ansichtskarten/2610-african-safari-asa-a310.html;gleiche Kennung, andere Livery;https://jjpostcards.com/de/ansichtskarten/2610-african-safari-asa-a310.html;0,85;https://www.planespotters.net/photo/1021183/d-ahla-hapag-lloyd-airbus-a310-304;HF_HLF;Wahr;2026-01-15;;HapagLloyd;4
HF002;Gemini Jets;HF;Hapag-Lloyd;Hapag-Lloyd Express;BOE-737-700;Boeing 737-700;D-AGEP;;;I:Hapag-Lloyd Express;;;Hapag-Lloyd Express;;;MW-Moba;https://mw-moba.de/Produkt/boeing-737-700-hapag-lloyd-express-d-agep-gemini-jets-3557457-1400/;15;0,33;;U:https://jjpostcards.com/de/ansichtskarten/4323-hapag-lloyd-express-b737.html;;https://jjpostcards.com/de/ansichtskarten/4323-hapag-lloyd-express-b737.html;1,05;https://www.planespotters.net/photo/728271/d-agep-hapag-lloyd-express-boeing-737-75b;X3_HLX;Wahr;;;HapagLloyd;11
HF001;Herpa Wings;HF;Hapag-Lloyd;Hapag-Lloyd;BOE-737-800;Boeing 737-800;D-AHFC;;;;;;;;;Kleinanzeigen Josef Voß;;10;6;;I:andere Kennung | U:https://jjpostcards.com/de/ansichtskarten/21554-hapag-lloyd-b737.html;andere Kennung;https://jjpostcards.com/de/ansichtskarten/21554-hapag-lloyd-b737.html;0,85;https://www.planespotters.net/photo/1079811/d-ahfc-hapag-lloyd-boeing-737-8k5;HF_HLF;Wahr;2025-10-23;;HapagLloyd;12
HF004;Gemini Jets;HF;Hapag-Lloyd;Hapag-Lloyd;BOE-737-800-WL;Boeing 737-800 (Winglets);D-AHFF;;;;;;;;;Ebay Kontorbuer;https://www.ebay.de/itm/257315911324;13;1,41;;I:andere Kennung | U:https://jjpostcards.com/de/ansichtskarten/20829-hapag-lloyd-b737.html;andere Kennung;https://jjpostcards.com/de/ansichtskarten/20829-hapag-lloyd-b737.html;0,85;https://www.jetphotos.com/photo/33534;HF_HLF;Wahr;2026-01-27;;HapagLloyd;13
FI001;NG Models;FI;Icelandair;Icelandair;BOE-757-200-WL;Boeing 757-200 (Winglets);TF-ISF;;;N:Laki;Laki;;;;;Kleinanzeigen.de;;99;;x;I:andere Kennung | U:https://jjpostcards.com/de/ansichtskarten/11263-icelandair-b757.html;andere Kennung;https://jjpostcards.com/de/ansichtskarten/11263-icelandair-b757.html;1,35;https://www.planespotters.net/photo/1123788/tf-isf-icelandair-boeing-757-223-wl;FI_ICE;Wahr;;;Icelandair;11
KL005;Aeroclassics;KL;KLM;KLM;BAC-111-300;BAC 1-11 Series 300;G-ATPJ;;;;;;;;;Ebay Felindre Diecast;https://www.ebay.de/itm/297670868491;50,66;9,25;;U:https://jjpostcards.com/de/ansichtskarten/8395-klm-bac-1-11.html;;https://jjpostcards.com/de/ansichtskarten/8395-klm-bac-1-11.html;1,35;https://www.jetphotos.com/photo/7018562;KL_KLM;Wahr;2025-10-23;;KLM;10
KL003;Herpa Wings;KL;KLM;KLM Asia;BOE-747-400;Boeing 747-400;PH-BFH;;;I:KLM Asia | N:City of Hongkong;City of Hongkong;;KLM Asia;;;Kleinanzeigen Josef Voß;;20;2,93;;U:https://jjpostcards.com/de/ansichtskarten/4271-klm-asia-b747.html;;https://jjpostcards.com/de/ansichtskarten/4271-klm-asia-b747.html;1,05;https://www.jetphotos.com/photo/10064531;KL_ASI;Wahr;2025-06-23;;KLM;22
KL009;Dragon Wings;KL;KLM;KLM;BOE-767-300ER;Boeing 767-300ER Extended Range;PH-BZJ;;;;;;;;;MW-Moba;https://mw-moba.de/Produkt/boeing-767-300-klm-royal-dutch-airlines-ph-bzj-dragon-wings-55621-1400/;34,5;1,2;Sammelrg.;I:andere Kennung | U:https://jjpostcards.com/de/ansichtskarten/6676-klm-b767.html;andere Kennung;https://jjpostcards.com/de/ansichtskarten/6676-klm-b767.html;0,85;https://www.planespotters.net/photo/031433/ph-bzi-klm-royal-dutch-airlines-boeing-767-306er;KL_KLM;Wahr;2026-01-15;;KLM;23
KL007;Aeroclassics;KL;KLM;KLM;DOU-DC7-C;Douglas DC-7C Seven Seas;PH-DSG;;;N:Adriatic Sea;Adriatic Sea;;;;;Ebay Felindre Diecast;https://www.ebay.de/itm/376626642808;68,49;9,09;;U:https://jjpostcards.com/de/ansichtskarten/23832-klm-dc-7.html;;https://jjpostcards.com/de/ansichtskarten/23832-klm-dc-7.html;1,05;https://www.airhistory.net/photo/730187/PH-DSG;KL_KLM;Wahr;2025-10-30;;KLM;35
KL001;Sky Jets;KL;KLM;KLM;DOU-DC8-50;Douglas DC-8-53;PH-DCI;;;N:Sir Isaac Newton;Sir Isaac Newton;;;;;Marktplaats: TOGAflex;;45;2,33;;I:andere Livery+Kennung | U:https://jjpostcards.com/de/ansichtskarten/22826-klm-dc-8.html;andere Livery+Kennung;https://jjpostcards.com/de/ansichtskarten/22826-klm-dc-8.html;0,85;https://abpic.co.uk/pictures/view/1036468;KL_KLM;Wahr;2025-06-03;;KLM;37
KL008;Aeroclassics;KL;KLM;KLM;DOU-DC8-63;Douglas DC-8-63;PH-DEF;;;N:Henry Hudson;Henry Hudson;;;;;Ebay DiecastAirplaneTreasuryTrove;https://www.ebay.de/itm/136597425675?_skw=klm&itmmeta=01K8N1RV4VWDRHQ1Y0GJ58SS7H&hash=item1fcdd74e0b:g:RPMAAeSwCdVoTlyY;110,07;52,69;ZOLL!;I:andere Kennung | U:https://jjpostcards.com/de/ansichtskarten/11012-klm-dc-8.html;andere Kennung;https://jjpostcards.com/de/ansichtskarten/11012-klm-dc-8.html;1,35;https://abpic.co.uk/pictures/view/1947917;KL_KLM;Wahr;2025-11-14;;KLM;38
KL004;JetEx;KL;KLM;KLM;LOC-L188;Lockheed L-188 Electra;PH-LLD;;;;;;;;;Ebay 4booksubid;https://www.ebay.de/sch/i.html?item=376312332478&rt=nc&_trksid=p4429486.m3561.l161211&_ssn=4booksubid;30,68;18,34;;I:andere Kennung | U:https://jjpostcards.com/de/ansichtskarten/36983-KLM-Electra.html;andere Kennung;https://jjpostcards.com/de/ansichtskarten/36983-KLM-Electra.html;1,35;https://www.planespotters.net/photo/816528/ph-lld-klm-royal-dutch-airlines-lockheed-l-188c-electra;KL_KLM;Wahr;2025-07-14;;KLM;41
KL006;Gemini Jets;KL;KLM;KLM;MCD-DC10-30;McDonnell Douglas DC-10-30;PH-DTA;;;N:Johann Sebastian Bach;Johann Sebastian Bach;;;;;Kleinanzeigen Josef Voß;https://www.kleinanzeigen.de/s-anzeige/schuco-starjets-und-gemini-jets-konvolut-1-400-1-500/3214030289-234-1362;15;9;;I:andere Kennung | U:https://jjpostcards.com/de/ansichtskarten/10787-klm-dc-10.html;andere Kennung;https://jjpostcards.com/de/ansichtskarten/10787-klm-dc-10.html;1,35;https://www.planespotters.net/photo/681419/ph-dta-klm-royal-dutch-airlines-mcdonnell-douglas-dc-10-30;KL_KLM;Wahr;2025-10-23;;KLM;44
KL002;Phoenix;KL;KLM;KLM;MCD-MD11;McDonnell Douglas MD-11;PH-KCA;;;N:Amy Johnson;Amy Johnson;;;;;Marktplaats: TOGAflex;;40;2,07;;U:https://jjpostcards.com/de/ansichtskarten/9670-klm-md-11.html;;https://jjpostcards.com/de/ansichtskarten/9670-klm-md-11.html;0,85;https://www.planespotters.net/photo/1412141/ph-kca-klm-royal-dutch-airlines-mcdonnell-douglas-md-11;KL_KLM;Wahr;2025-06-03;;KLM;45
WA001;JC Wings;WA;KLM Cityhopper;KLM exel;ATR-ATR42-300;ATR 42-320;PH-XLD;;;I:KLM exel;;;KLM exel;;;Marktplaats: TOGAflex;;25;1,3;;-;-;;;https://www.planespotters.net/photo/1135487/ph-xld-klm-exel-atr-42-320;KL_EXE;Wahr;2025-06-03;;KLM_CH;4
WA004;JC Wings;WA;KLM Cityhopper;KLM exel;ATR-ATR72-200;ATR 72-200;PH-XLH;;;I:KLM exel;;;KLM exel;;;Ebay Models Shop;https://www.ebay.de/itm/277036315286;34,39;10,47;;I:andere Bez. KLM UK | U:https://jjpostcards.com/de/ansichtskarten/2399-klm-uk-atr-72.html;andere Bez. KLM UK;https://jjpostcards.com/de/ansichtskarten/2399-klm-uk-atr-72.html;0,85;https://cdn.jetphotos.com/full/2/25827_1067672094.jpg;KL_EXE;Wahr;2026-01-28;;KLM_CH;5
WA002;JC Wings;WA;KLM Cityhopper;KLM exel;EMB-ERJ145;Embraer ERJ-145MP;PH-RXA;;;I:KLM exel;;;KLM exel;;;Marktplaats: TOGAflex;;25;1,3;;I:andere Kennung | U:https://jjpostcards.com/de/ansichtskarten/4404-klm-exel-erj-145.html;andere Kennung;https://jjpostcards.com/de/ansichtskarten/4404-klm-exel-erj-145.html;1,05;https://www.planespotters.net/photo/1181886/ph-rxa-klm-exel-embraer-erj-145mp;KL_EXE;Wahr;2025-06-03;;KLM_CH;6
WA003;Gemini Jets;WA;KLM Cityhopper;KLM Cityhopper;EMB-E195E2;Embraer E195-E2;PH-NXE;;;I:KLM Cityhopper;;;KLM Cityhopper;;;flight-shop.de/;https://www.flight-shop.de/modelle/geminijets/scale-1400/11784/geminijets-embraer-e195-e2-klm-royal-dutch-ph-nx3-1-400-modellflugzeug?srsltid=AfmBOorHTKyWreFQRtGAn-iFemA-bxLMhEW3CTNpBx-uvqkSzpp8ugku;45,32;5,1;;I:andere Kennung | U:https://jjpostcards.com/de/ansichtskarten/42297-klm-cityhopper-embraer-190.html;andere Kennung;https://jjpostcards.com/de/ansichtskarten/42297-klm-cityhopper-embraer-190.html;1,35;https://www.planespotters.net/photo/1502669/ph-nxe-klm-cityhopper-embraer-e195-e2-erj-190-400-std;WA_KLC;Wahr;2025-06-26;;KLM_CH;10
NG003;Herpa Wings;NG;Lauda Air;Niki;AIB-A320-200;Airbus A320-200;OE-LEA;;;I:Niki;;;Niki;;;Ebay philundines;https://www.ebay.de/itm/146906254865;15;1,9;;I:andere Kennung | U:https://jjpostcards.com/de/ansichtskarten/10051-niki-a320.html;andere Kennung;https://jjpostcards.com/de/ansichtskarten/10051-niki-a320.html;1,35;https://www.planespotters.net/photo/373434/oe-lea-niki-airbus-a320-214;HG_NLY;Wahr;2025-11-03;;LaudaAir;4
NG002;Herpa Wings;NG;Lauda Air;Lauda Air;BOE-737-600;Boeing 737-600;OE-LNM;LDA-2004-TIROL;LDA-1990-CLASSIC;I:Lauda Air | N:Innsbruck - Tirol |M:inkl. Gepäckwagen;Innsbruck - Tirol;;Lauda Air;inkl. Gepäckwagen;;Ebay philundines;https://www.ebay.de/itm/146906325011;20,5;2,6;;U:https://jjpostcards.com/de/ansichtskarten/11134-lauda-air-b737.html;;https://jjpostcards.com/de/ansichtskarten/11134-lauda-air-b737.html;1,35;https://www.planespotters.net/photo/1142071/oe-lnm-lauda-air-boeing-737-6z9;NG_LDA;Wahr;2025-11-03;;LaudaAir;10
NG001;Herpa Wings;NG;Lauda Air;Lauda Air;BOE-777-200;Boeing 777-200;OE-LPA;LDA-1990-CLASSIC;;I:Lauda Air;;;Lauda Air;;;Kleinanzeigen Josef Voss;;18;2,65;;U:https://jjpostcards.com/de/ansichtskarten/17670-lauda-air-b777.html;;https://jjpostcards.com/de/ansichtskarten/17670-lauda-air-b777.html;0,85;https://www.planespotters.net/photo/1012256/oe-lpa-lauda-air-boeing-777-2z9er;NG_LDA;Wahr;2025-06-23;;LaudaAir;16
PA019;Dragon Wings;PA;Pan Am;Pan Am;AIB-A300-B4;Airbus A300B4;N207PA;;;N:Clipper Panama;Clipper Panama;;;;;Ebay scr4plans7rwq;https://www.ebay.de/itm/116835984188;42,97;40,85;;I:andere Kennung | U:https://jjpostcards.com/de/ansichtskarten/4679-pan-american-a300.html;andere Kennung;https://jjpostcards.com/de/ansichtskarten/4679-pan-american-a300.html;0,85;https://www.jetphotos.com/photo/10957009;PA_PAA;Wahr;2025-11-10;;Panam;4
PA008;Dragon Wings;PA;Pan Am;Pan Am;AIB-A310-300;Airbus A310-300;N818PA;;;N:Clipper Morning Star;Clipper Morning Star;;;;;Ebay waffle-collectibles;;21,92;46,78;;I:andere Kennung | U:https://jjpostcards.com/de/ansichtskarten/9373-pan-american-a310.html;andere Kennung;https://jjpostcards.com/de/ansichtskarten/9373-pan-american-a310.html;0,85;https://www.airhistory.net/photo/481727/N818PA;PA_PAA;Wahr;2025-06-18;;Panam;6
ORD-PA-7;Gemini Jets;PA;Pan Am;Pan Am Express;ATR-ATR42-300;ATR-ATR42-300;N4201G;;;N:Clipper Commodore | I:Pan Am Express;Clipper Commodore;;Pan Am Express;;;Ebay Felindre Diecast;https://www.ebay.de/itm/297974470055;53,65;8,11;;I:andere Kennung | U:https://jjpostcards.com/de/ansichtskarten/11626-pan-am-express-atr-42.html;andere Kennung;https://jjpostcards.com/de/ansichtskarten/11626-pan-am-express-atr-42.html;0,85;https://www.planepictures.net/v3/show_en.php?id=695003;RZ_PXX;Falsch;;2026-02-22;Panam;7
PA003;Dragon Wings;PA;Pan Am;Pan Am;BOE-377;Boeing 377 Stratocruiser;N1025V;;;N:Clipper America;Clipper America;;;;;https://www.modelwereld.eu/en/;https://www.modelwereld.eu/en/;39,95;21;;I:andere Kennung | U:https://jjpostcards.com/de/ansichtskarten/28753-pan-american-boeing-377.html;andere Kennung;https://jjpostcards.com/de/ansichtskarten/28753-pan-american-boeing-377.html;1,35;https://silodrome.com/wp-content/uploads/2019/08/Pan-Am-Boeing-377-Stratocruiser.jpg;PA_PAA;Wahr;2025-05-08;;Panam;9
PA013;Dragon Wings;PA;Pan Am;Pan Am;BOE-707-320;Boeing 707-320;N412PA;;;N:Clipper Empress of the Skies;Clipper Empress of the Skies;;;;;Ebay arturkat;;26,49;34,11;;U:https://jjpostcards.com/de/ansichtskarten/3036-pan-american-b707.html;;https://jjpostcards.com/de/ansichtskarten/3036-pan-american-b707.html;1,35;https://abpic.co.uk/pictures/view/1646675;PA_PAA;Wahr;2025-07-09;;Panam;10
PA014;Aeroclassics;PA;Pan Am;Pan Am;BOE-720;Boeing 720;N783PA;;;N:Clipper Bonita;Clipper Bonita;;;;;Ebay Waffle Collection;;31,8;35,54;;I:andere Kennung | U:https://jjpostcards.com/de/ansichtskarten/8633-pan-american-b720.html;andere Kennung;https://jjpostcards.com/de/ansichtskarten/8633-pan-american-b720.html;0,85;https://www.jetphotos.com/photo/5975740;PA_PAA;Wahr;2025-07-15;;Panam;11
PA004;Dragon Wings;PA;Pan Am;Pan Am;BOE-727-200;Boeing 727-200;N365PA;;;N:Clipper Portsmouth;Clipper Portsmouth;;;;;MW-Moba;https://mw-moba.de/Produkt/boeing-727-200-pan-am-n365pa-dragon-wings-55150-1400/;44,5;2,1;;U:https://jjpostcards.com/de/ansichtskarten/17786-pan-am-19968-b727.html;;https://jjpostcards.com/de/ansichtskarten/17786-pan-am-19968-b727.html;1,85;https://www.jetphotos.com/photo/9587;PA_PAA;Wahr;2025-05-14;;Panam;12
PA007;Gemini Jets;PA;Pan Am;Pan Am;BOE-737-200;Boeing 737-200;N67AF;;;N:Clipper Tempelhof;Clipper Tempelhof;;;;;Kleinanzeigen Hellmann;;35;5;;I:andere Kennung | U:https://jjpostcards.com/de/ansichtskarten/37148-Pan-American-B737.html;andere Kennung;https://jjpostcards.com/de/ansichtskarten/37148-Pan-American-B737.html;1,35;https://www.planespotters.net/photo/1153892/n67af-pan-am-boeing-737-222;PA_PAA;Wahr;2025-06-10;;Panam;13
PA002;Dragon Wings;PA;Pan Am;Pan Am;BOE-737-400;Boeing 737-400;N406KW;;;N:Clipper Splendid;Clipper Splendid;;;;;Kleinanzeigen Michael;;22;;;I:andere Kennung | U:https://jjpostcards.com/de/ansichtskarten/18164-pan-am-19968-b737.html;andere Kennung;https://jjpostcards.com/de/ansichtskarten/18164-pan-am-19968-b737.html;0,85;https://www.planespotters.net/photo/896241/n406kw-pan-am-boeing-737-4q8;PA_PAA;Wahr;;;Panam;14
PA012;Radscale Models;PA;Pan Am;Pan Am;BOE-747-100;Boeing 747-100;N4704U;;;N:Clipper Belle of the Sea;Clipper Belle of the Sea;;;;;Ebay 360models;https://www.ebay.de/itm/267293388934?autorefresh=true;42;0;;;;;;https://www.airliners.net/photo/Pan-American-World-Airways-Pan-Am/Boeing-747-122/7816273/L;PA_PAA;Wahr;2025-06-26;;Panam;15
PA001;JC Wings;PA;Pan Am;Pan Am;BOE-747-SP;Boeing 747SP;N533PA;;;N:Clipper Young America;Clipper Young America;;;;;https://www.modelyletadel.cz/en/;https://www.modelyletadel.cz/en/;47,57;8,6;;U:https://jjpostcards.com/de/ansichtskarten/34064-Pan-American-B747SP.html;;https://jjpostcards.com/de/ansichtskarten/34064-Pan-American-B747SP.html;1,35;https://www.airhistory.net/photo/516777/N529PA;PA_PAA;Wahr;;;Panam;17
PA016;Aeroclassics;PA;Pan Am;Pan Am;CON-CV240;Convair CV-240 Convairliner;N90671;;;;;;;;;Ebay Felindre Diecast;https://www.ebay.de/itm/376412002783;82,94;26,97;;I:andere Kennung | U:https://jjpostcards.com/de/ansichtskarten/13542-pan-american-cv-240.html;andere Kennung;https://jjpostcards.com/de/ansichtskarten/13542-pan-american-cv-240.html;1,05;https://www.airliners.net/photo/Pan-American-World-Airways-PAA/Convair-240-2/961390/L;PA_PAA;Wahr;2025-08-05;;Panam;19
PA017;Aeroclassics;PA;Pan Am;Pan Am;CUR-C46;Curtiss-Wright C-46 Commando;N67980;;;I:andere Kennung bei Foto;;;andere Kennung bei Foto;;;MW-Moba;https://mw-moba.de/Produkt/curtiss-c-46-commando-pan-american-world-airways-n67980-aeroclassics-1400/;64,5;5,27;;-;-;;;https://www.floridamemory.com/fpc/reference/rc08957a.jpg;PA_PAA;Wahr;2025-08-08;;Panam;20
PA009;Aeroclassics;PA;Pan Am;Pan Am;DOU-DC4;Douglas DC-4;N88886;;;N:Clipper Mandarin;Clipper Mandarin;;;;;Ebay aeromini1;https://www.ebay.de/itm/197417277964;54,19;17,86;;U:https://jjpostcards.com/de/ansichtskarten/13755-pan-american-dc-4.html;;https://jjpostcards.com/de/ansichtskarten/13755-pan-american-dc-4.html;1,35;https://www.airliners.net/photo/Pan-American-World-Airways-Pan-Am/Douglas-C-54E-Skymaster-DC-4/1212785/L;PA_PAA;Wahr;2025-07-04;;Panam;24
PA010;Aeroclassics;PA;Pan Am;Pan Am;DOU-DC4;Douglas DC-4;N88934;;;N:Clipper Pride of American;Clipper Pride of American;;;;;Ebay aeromini1;https://www.ebay.de/itm/197417277964;54,19;17,85;;-;-;;;;PA_PAA;Wahr;2025-07-04;;Panam;25
PA018;Gemini Jets;PA;Pan Am;Pan Am;DOU-DC8-30;Douglas DC-8-30;N809PA;;;N:Jet Clipper Great Republic;Jet Clipper Great Republic;;;;;Ebay Felindre Diecast;https://www.ebay.de/itm/376641810428;35,59;3,87;;U:https://jjpostcards.com/de/ansichtskarten/34072-Pan-American-DC-8.html;;https://jjpostcards.com/de/ansichtskarten/34072-Pan-American-DC-8.html;1,35;https://upload.wikimedia.org/wikipedia/commons/a/ae/N809PA_Douglas_DC-8-32_Pan_American_World_Airways_MAN_21JUL68.jpg;PA_PAA;Wahr;2025-11-05;;Panam;28
PA011;Aeroclassics;PA;Pan Am;Pan Am;DOU-DC8-62;Douglas DC-8-62;N1803;;;N:Clipper Golden Light;Clipper Golden Light;;;;;Ebay BUCHair USA;https://order.ebay.de/ord/show?orderId=04-13231-92834&ssPageName=STRK:MESO:VPS&_trksid=p4429486.m2548.l2673;56,7;46,46;;-;-;;;https://www.jetphotos.com/photo/261236;PA_PAA;Wahr;2025-07-07;;Panam;29
PA015;Dragon Wings;PA;Pan Am;Pan Am;LOC-L049;Lockheed L-049 Constallation;NC88831;;;N:Clipper London;Clipper London;;;;;Alexmodels.cz;alexmodels.cz;32,29;21,18;;I:andere Kennung | U:https://jjpostcards.com/de/ansichtskarten/40691-Pan-Am-Constellation-CSA-DC-2.html;andere Kennung;https://jjpostcards.com/de/ansichtskarten/40691-Pan-Am-Constellation-CSA-DC-2.html;1,35;https://aviadejavu.ru/Images6/HI/HI-35/49-3.jpg;PA_PAA;Wahr;2025-07-21;;Panam;30
PA006;Dragon Wings;PA;Pan Am;Pan Am;LOC-L1011-500;Lockheed L-1011 TriStar 500;N514PA;;;N:Clipper White Falcon;Clipper White Falcon;;;;;MW-MOBA;https://mw-moba.de/Produkt/lockheed-l-1011-385-3-pan-am-n514pa-dragon-wings-55142-1400/;34,5;3,69;;I:andere Kennung | U:https://jjpostcards.com/de/ansichtskarten/42589-pan-american-tristar.html;andere Kennung;https://jjpostcards.com/de/ansichtskarten/42589-pan-american-tristar.html;1,35;https://www.planepictures.net/v3/show_en.php?id=276508;PA_PAA;Wahr;2025-05-22;;Panam;32
PA005;Daron;PA;Pan Am;Pan Am;MCD-DC10-10;McDonnell Douglas DC-10-10;N61NA;;;N:Clipper Evening Star;Clipper Evening Star;;;;;Wingsmo;https://www.wingsmo.com/neu-bei-wingsmo/postage-stamp/29443/postage-stamp-pan-am-mcdonnell-douglas-dc-10-1-400-ps5820-5?c=0;28,3;6,69;;U:https://jjpostcards.com/de/ansichtskarten/25759-pan-american-dc-10.html;;https://jjpostcards.com/de/ansichtskarten/25759-pan-american-dc-10.html;1,35;https://www.airhistory.net/photo/19672/N61NA;PA_PAA;Wahr;2025-05-22;;Panam;33
PA020;Apollo;PA;Pan Am;Pan Am;MCD-DC10-30;McDonnell Douglas DC-10-30;N83NA;;;N:Clipper Celstial Empire;Clipper Celstial Empire;;;;;MW-Moba;https://mw-moba.de/Produkt/douglas-dc-10-30-pan-am-n83na-apollo-a13038-1400/;41,04;1,73;Sammelrg.;I:andere Kennung | U:https://jjpostcards.com/de/ansichtskarten/44472-pan-american-dc-10.html;andere Kennung;https://jjpostcards.com/de/ansichtskarten/44472-pan-american-dc-10.html;1,35;https://abpic.co.uk/pictures/view/1106191;PA_PAA;Wahr;2026-01-15;;Panam;34
SK006;Aeroclassics;SK;SAS;SAS;AIB-A319;Airbus A319-100;OY-KBO;;;N:Christian Valdemar Viking;Christian Valdemar Viking;;;;;Ebay krysset_4;https://www.ebay.de/itm/326941696329;38,47;12,27;;U:https://jjpostcards.com/de/ansichtskarten/4501-sas-a319.html;;https://jjpostcards.com/de/ansichtskarten/4501-sas-a319.html;1,05;https://www.planespotters.net/photo/1780713/oy-kbo-sas-scandinavian-airlines-airbus-a319-132;SK_SAS;Wahr;2026-01-23;;SAS;6
SK002;JC Wings;SK;SAS;SAS;AIB-A320-200;Airbus A320-200;OY-KAR;;;N:Vermund Viking;Vermund Viking;;;;;Aviation Center Berlin;https://www.aviation-center-berlin.de/p/JC40249;47,34;14,06;x;I:andere Kennung | U:https://jjpostcards.com/de/ansichtskarten/27072-sas-a320.html;andere Kennung;https://jjpostcards.com/de/ansichtskarten/27072-sas-a320.html;0,85;https://www.planespotters.net/photo/869467/oy-kar-sas-scandinavian-airlines-airbus-a320-232;SK_SAS;Wahr;2025-07-22;;SAS;7
SK008;Dragon Wings;SK;SAS;SAS;AIB-A330-300-SL;Airbus A330-300 (Sharklets);LN-RKH;;;N:Emund Viking;Emund Viking;;;;;Ebay bigbird1946;https://www.ebay.de/itm/336405864151;25,5;3,41;;U:https://jjpostcards.com/de/ansichtskarten/34783-SAS-A330.html;;https://jjpostcards.com/de/ansichtskarten/34783-SAS-A330.html;1,35;https://www.jetphotos.com/photo/7950061;SK_SAS;Wahr;2026-02-13;;SAS;11
SK003;Gemini Jets;SK;SAS;SAS;BOE-737-700-WL;Boeing 737-700 (Winglets);SE-RJX;;;N:Vagn Viking;Vagn Viking;;;;;MW-MOBA;https://mw-moba.de/Produkt/boeing-737-700-sas-scandinavian-se-rjx-gemini-jets-gjsas1988-1400/;39,27;;;U:https://jjpostcards.com/de/ansichtskarten/41792-SAS-B737.html;;https://jjpostcards.com/de/ansichtskarten/41792-SAS-B737.html;1,35;https://www.planespotters.net/photo/1654130/se-rjx-sas-scandinavian-airlines-boeing-737-76n-wl;SK_SAS;Wahr;2025-05-14;;SAS;21
SK001;Gemini Jets;SK;SAS;SAS;BOM-CRJ900;Bombardier CRJ-900;ES-ACG;;;N:Dvalin Viking;Dvalin Viking;;;;;Ebay;;73,21;;x;I:andere Kennung | U:https://jjpostcards.com/de/ansichtskarten/40732-SAS-CRJ-900.html;andere Kennung;https://jjpostcards.com/de/ansichtskarten/40732-SAS-CRJ-900.html;0,85;https://www.planespotters.net/photo/1608963/es-acg-sas-scandinavian-airlines-bombardier-crj-900lr-cl-600-2d24;SK_SAS;Wahr;;;SAS;29
SK007;Aeroclassics;SK;SAS;SAS;DOU-DC8-50;Douglas DC-8-55;LN-MOH;;;N:Harald Viking;Harald Viking;;;;;Kleinanzeigen Micha;https://www.kleinanzeigen.de/s-anzeige/flugzeugmodell-sas-scandinavian-dc-8-aeroclassics-1-400/3245823809-234-9047;33,66;4,41;;I:andere Kennung | U:https://jjpostcards.com/de/ansichtskarten/27816-sas-dc-8.html;andere Kennung;https://jjpostcards.com/de/ansichtskarten/27816-sas-dc-8.html;2,5;https://image.airport-data.com/aircraft/954767.jpg;SK_SAS;Wahr;2026-01-27;;SAS;38
SK004;Dragon Wings;SK;SAS;SAS;MCD-MD82;McDonnell Douglas MD-82;OY-KHR;;;N:Torkild Viking;Torkild Viking;;;;;MW-MOBA;https://mw-moba.de/Produkt/mcdonnell-douglas-md-82-sas-scandinavian-oy-khr-dragon-wings-55751-1400/;29,5;1,39;;I:andere Kennung | U:https://jjpostcards.com/de/ansichtskarten/14195-sas-md-80.html;andere Kennung;https://jjpostcards.com/de/ansichtskarten/14195-sas-md-80.html;1,35;https://www.planespotters.net/photo/018107/oy-khr-sas-scandinavian-airlines-mcdonnell-douglas-md-81-dc-9-81;SK_SAS;Wahr;2025-05-14;;SAS;48
SK005;NG Models;SK;SAS;SAS;MCD-MD87;McDonnell Douglas MD-87;OY-KHF;;;N:Ragnar Viking;Ragnar Viking;;;;;Ebay Scaled-Airliners;https://www.ebay.de/itm/226985497592;29;8,9;;I:andere Kennung | U:https://jjpostcards.com/de/ansichtskarten/19600-sas-md-80.html;andere Kennung;https://jjpostcards.com/de/ansichtskarten/19600-sas-md-80.html;1,85;https://www.planespotters.net/photo/018007/oy-khf-sas-scandinavian-airlines-mcdonnell-douglas-md-87-dc-9-87;SK_SAS;Wahr;2025-11-06;;SAS;50
TP001;SkyFlight;TP;TAP;TAP;AIB-A321-neo;Airbus A321neo;CS-TXJ;;;N:Bartolomeu de Gusmão;Bartolomeu de Gusmão;;;;;Sky Shop;;85,73;;x;I:andere Kennung | U:https://jjpostcards.com/de/suche?controller=search&s=KPB_81-27;andere Kennung;https://jjpostcards.com/de/suche?controller=search&s=KPB_81-27;1,35;https://www.planespotters.net/photo/1660755/cs-txj-tap-air-portugal-airbus-a321-251nx;TP_TAP;Wahr;;;TAP;9
TP002;NG Models;TP;TAP;TAP Air Cargo;AIB-A330-200-SL;Airbus A330-200 (Sharklets);CS-TOP;;;L:TAP Air Cargo | N:Pedro Nunes;Pedro Nunes;TAP Air Cargo;;;;Ebay bigbird1946;https://www.ebay.de/itm/336405842990;30,55;4,09;;U:https://jjpostcards.com/de/ansichtskarten/40154-TAP-Cargo-A330.html;;https://jjpostcards.com/de/ansichtskarten/40154-TAP-Cargo-A330.html;1,35;https://www.planespotters.net/photo/1169224/cs-top-tap-air-cargo-airbus-a330-202;TP_CAR;Wahr;2026-02-13;;TAP;10
SO002;JC Wings;SO;Sonstige Airlines;Airbus Beluga Transport;AIB-A300-600ST;Airbus A300B4-600ST;F-GSTC;;;I:Beluga #3;;;Beluga #3;;;https://www.flight-shop.de;https://www.flight-shop.de/modelle/jc-wings/scale-1400/12873/jc-wings-airbus-a300-600st-beluga-house-color-3-f-gstc-1-400-modellflugzeug?c=0;69,9;;;U:https://jjpostcards.com/de/ansichtskarten/11160-airbus-transport-international-a300.html;;https://jjpostcards.com/de/ansichtskarten/11160-airbus-transport-international-a300.html;1,35;https://www.planespotters.net/photo/1674549/f-gstc-airbus-beluga-transport-airbus-a300b4-608st;FR_BCO;Wahr;;;Sonstige;5
SO014;NG Models;SO;Sonstige Airlines;Airbus Beluga Transport;AIB-A330-743L;Airbus 330 Beluga XL;F-GXLI;;;I:Beluga XL #3;;;Beluga XL #3;;;MW-MOBA;;40;1,16;;I:andere Kennung | U:https://jjpostcards.com/de/ansichtskarten/40959-Airbus-Transport-A330-Beluga-XL.html;andere Kennung;https://jjpostcards.com/de/ansichtskarten/40959-Airbus-Transport-A330-Beluga-XL.html;1,35;https://www.planespotters.net/photo/1734418/f-gxli-airbus-transport-international-airbus-a330-743l-beluga-xl;FR_BCO;Wahr;2025-11-12;;Sonstige;6
SO005;JC Wings;SO;Sonstige Airlines;Airbus Transport International;ASP-B377SGT;Boeing B-377SGT-201 Super Guppy;F-BTGV;;;I:Super Guppy Turbine;;;Super Guppy Turbine;;;aviamart;https://www.aviamart.com/collections/airplane-models/products/jc-wings-x-aviationtag-super-guppy-edition-1-400?variant=43280865657026;70,1;19,7;;U:https://jjpostcards.com/de/ansichtskarten/11474-aeromaritime-super-guppy.html;;https://jjpostcards.com/de/ansichtskarten/11474-aeromaritime-super-guppy.html;0,85;https://www.jetphotos.com/photo/7533809;4Y_BGA;Wahr;2025-05-08;;Sonstige;7
SO001;Herpa Wings;SO;Sonstige Airlines;Antonov Airlines;ANT-An225;Antonov AN-225 Mriya;UR-82060;;;;;;;;;https://www.herpa.de;https://www.herpa.de/Antonov-Airlines-AN-225-Mriya/562287;65,85;;;I:vorhanden;vorhanden;;1,35;https://www.austrianwings.info/2022/03/fotoreportage-mit-video-der-letzte-besuch-der-an-225-mrija-am-flughafen-linz/;UR_ADB;Wahr;;;Sonstige;9
SO006;Dragon Wings;SO;Sonstige Airlines;Luftwaffe (German Air Force);AIB-A310-304VIP;Airbus A310-304;10+21;;;I:Regierungsmaschine Deutschland | L:Bundesrepublik Deutschland;;Bundesrepublik Deutschland;Regierungsmaschine Deutschland;;;MW-MOBA;;27,5;2,94;;U:https://jjpostcards.com/de/ansichtskarten/9794-deutschland-regierung-a310.html;;https://jjpostcards.com/de/ansichtskarten/9794-deutschland-regierung-a310.html;1,35;https://www.openspotter.org/bild.php?blid=15772;DE_GAF;Wahr;2025-05-22;;Sonstige;14
SO016;JC Wings;SO;Sonstige Airlines;Luftwaffe (German Air Force);AIB-ACJ350-900;Airbus ACJ350-900;10+01;;;I:Regierungsmaschine Deutschland - Luftwaffe | L:Bundesrepublik Deutschland;;Bundesrepublik Deutschland;Regierungsmaschine Deutschland - Luftwaffe;;;MW-Moba;https://mw-moba.de/Produkt/airbus-a350xwb-luftwaffe-bundesrepublik-deutschland-1001-jc-wings-lh4246-1400/;30;0,66;;I:andere Kennung | U:https://jjpostcards.com/de/ansichtskarten/38668-Deutschland-Regierung-A350.html;andere Kennung;https://jjpostcards.com/de/ansichtskarten/38668-Deutschland-Regierung-A350.html;1,35;https://www.planespotters.net/photo/1832221/10-01-luftwaffe-german-air-force-airbus-a350-941;DE_GAF;Wahr;2025-12-06;;Sonstige;15
SO004;Herpa Wings;SO;Sonstige Airlines;United States Air Force;BOE-747-VC25A;Boeing VC-25A;28000;;;I:B747-200B | N:Air Force One;Air Force One;;B747-200B;;;Kleinanzeigen Josef Voß;;18;3,8;;U:https://jjpostcards.com/de/ansichtskarten/12271-usa-air-force-one-vc-25a.html;;https://jjpostcards.com/de/ansichtskarten/12271-usa-air-force-one-vc-25a.html;0,85;https://www.flugzeug-bild.de/bild/flughaefen~deutschland~hamburg-ham/108210/die-air-force-one-28000-das.html;US_UAF;Wahr;;;Sonstige;18
SO011;NG Models;SO;Sonstige Airlines;United States Air Force;BOE-747-VC25B;Boeing VC-25B;30000;;;I:B747-8 | N:Air Force One;Air Force One;;B747-8;;;Ebay worldofwingseu;https://www.ebay.de/itm/286878907569;35,01;11,99;;x;x;;;x;US_UAF;Wahr;2025-10-27;;Sonstige;19
SO009;Herpa Wings;SO;Sonstige Airlines;United States Air Force;DOU-VC118A;Douglas VC-118A;46-0505;;;I:US Air Force | N:The INDEPENDENCE | N:Air Force One;The INDEPENDENCE | Air Force One;;US Air Force;;;Ebay *industrial;https://www.ebay.de/itm/375992577591;27,5;10;;;;;;https://www.planespotters.net/photo/1611184/46-0505-united-states-air-force-douglas-vc-118-liftmaster;US_UAF;Wahr;2025-07-23;;Sonstige;20
SO017;Gemini Jets;SO;Sonstige Airlines;United States Air Force;BOE-C32A;Boeing C-32A;80001;;;I:B757-200 | N:Air Force Two;Air Force Two;;B757-200;;;MW-Moba;https://mw-moba.de/Produkt/boeing-757-200-united-states-of-america-80001-gemini-jets-gjafo254-1400/;35;0,77;;x;x;;;https://www.planespotters.net/photo/959345/80001-united-states-air-force-boeing-757-200;US_UAF;Wahr;2025-12-06;;Sonstige;22
SO021;Dragon Wings;SO;Sonstige Airlines;United States Navy;LOC-RP3D;Lockheed RP-3D Orion;VXN-8;;;I:US Naval Oceanographic Office;;;US Naval Oceanographic Office;;;MW-MOBA;;32,75;1,38;Sammelrg.;;;;;https://www.airhistory.net/photo/654297/158227;US_NAV;Wahr;2026-01-15;;Sonstige;24
SO018;Herpa Wings;SO;Sonstige Airlines;United States Air Force;CSA-PBY5;Consolidated PBY-5 Catalina;433939;;;I:Air and Sea Rescue | L:U.S. Air Force;;U.S. Air Force;Air and Sea Rescue;;;MW-Moba;https://mw-moba.de/Produkt/pby-5a-catalina-us-air-force-air-and-sea-rescue-herpa-561747-1400/;45;0,96;;I:andere Kennung | I:andere Bemalung | U:https://jjpostcards.com/de/ansichtskarten/12254-luftwaffe-usa-pby-catalina.html;andere Kennung | andere Bemalung;https://jjpostcards.com/de/ansichtskarten/12254-luftwaffe-usa-pby-catalina.html;0,85;https://www.airhistory.net/photos/0027472.jpg;US_UAF;Wahr;2025-12-06;;Sonstige;25
SO012;Aeroclassics;SO;Sonstige Airlines;United States Air Force;DOU-C47;Douglas C-47 Skytrain;O-76671;;;I:50th TFW 1963 | L:U.S. Air Force;;U.S. Air Force;50th TFW 1963;;;Ebay Felindre Diecast;https://www.ebay.de/itm/297706525341?_skw=1%2F400&itmmeta=01K8TKQVTF57ZBTZ7GM4DXEWMJ&hash=item4550b1129d%3Ag%3ARk0AAeSwrGJo-mV5&LH_Auction=1;44,14;4,8;;I:andere Kennung | U:https://jjpostcards.com/de/ansichtskarten/26234-luftwaffe-usa-c-47-dakota.html;andere Kennung;https://jjpostcards.com/de/ansichtskarten/26234-luftwaffe-usa-c-47-dakota.html;0,85;https://www.airhistory.net/photo/819930/44-76671/0-76671;US_UAF;Wahr;2025-11-05;;Sonstige;26
SO013;Dragon Wings;SO;Sonstige Airlines;United States Air Force;BOE-YAL1;Boeing YAL-1 Airborne Laser;00-0001;;;L:U.S. Air Force;;U.S. Air Force;;;;Ebay Felindre Diecast;https://www.ebay.de/itm/297708607526?_skw=1%2F400&itmmeta=01K8TKQVTFNFET2J6P9Z4A3PRZ&hash=item4550d0d826%3Ag%3A1vsAAeSw2xto-4A0&LH_Auction=1;27,06;2,94;;x;x;;;https://en.wikipedia.org/wiki/Boeing_YAL-1#/media/File:YAL-1A_Airborne_Laser_unstowed_crop.jpg;US_UAF;Wahr;2025-11-05;;Sonstige;27
SO019;Gemini Jets;SO;Sonstige Airlines;United States Navy;BOE-C40A;Boeing C-40A Clipper;RY-831;;;I:B737-700 | L:UNITED STATES NAVY;;UNITED STATES NAVY;B737-700;;;MW-Moba;https://mw-moba.de/Produkt/boeing-c-40-united-states-navy-ry-831-gemini-jets-gjusn295-1400/;15;0,33;;x;x;;;https://www.airhistory.net/photo/425749/165831/5831;US_NAV;Wahr;;;Sonstige;28
SO020;Patriot Model;SO;Sonstige Airlines;United States Army;BOE-767-AOA;Boeing 767-200 Airborne Optical Adjunct;N767BA;;;I:US Army | I:Prototyp;;;US Army | Prototyp;;;Aviationmegastore;https://www.aviationmegastore.com/de/modelle/boeing-767-200-airborne-optical-adjunct--us-army-prototype-n767ba-patriot-model-pt-400-015-214215.html;60,35;14,17;;I:beim Modell vorhanden;beim Modell vorhanden;;0;https://www.aussieairliners.org/b-767i/22233-001/n767ba.html;US_ARM;Wahr;2025-12-23;;Sonstige;29
SO022;Herpa Wings;SO;Sonstige Airlines;German Cargo;BOE-707-330C;Boeing 707-330C;D-ABUA;;;I:German Cargo;;;German Cargo;;;Ebay Kontorbuer;https://www.ebay.de/itm/257315910925;15;1,62;;U:https://jjpostcards.com/de/ansichtskarten/26246-german-cargo-b707.html;;https://jjpostcards.com/de/ansichtskarten/26246-german-cargo-b707.html;0,85;https://www.airhistory.net/photos/0641225.jpg?m=1705010149;FX_GEC;Wahr;2026-01-27;;Sonstige;32
SO007;Herpa Wings;SO;Sonstige Airlines;Schweizer Luftwaffe (Swiss Air Force);JUN-JU52-3M;Junkers JU-52;A-703;;;I:Tante Ju;;;Tante Ju;;;2dehands Julien Lempereur;https://www.2dehands.be/u/jawan/33093180/;21;11;;U:https://jjpostcards.com/de/ansichtskarten/9756-luftwaffe-schweiz-ju-52.html;;https://jjpostcards.com/de/ansichtskarten/9756-luftwaffe-schweiz-ju-52.html;1,35;https://www.airhistory.net/photo/642702/A-703;CH_SUI;Wahr;2025-05-27;;Sonstige;33
SO003;Aeroclassics;SO;Sonstige Airlines;Arkia - Israeli Airlines;VIC-Viscount-800;Vickers Viscount 800;4X-AVF;;;;;;;;;Ebay mali_1123;;31,6;;;U:https://jjpostcards.com/de/ansichtskarten/3132-arkia-viscount.html;;https://jjpostcards.com/de/ansichtskarten/3132-arkia-viscount.html;0,85;https://live.staticflickr.com/65535/48996086863_0676291e4e_b.jpg;IZ_AIZ;Wahr;;;Sonstige;34
SO023;JC Wings;SO;Sonstige Airlines;Air Belgium;AIB-A330-900neo;Airbus A330-900neo;OO-ABG;;;;;;;;;Ebay bigbird1946;https://www.ebay.de/itm/336405897835;26,5;3,54;;U:https://jjpostcards.com/de/ansichtskarten/43010-air-belgium-a330neo.html;;https://jjpostcards.com/de/ansichtskarten/43010-air-belgium-a330neo.html;1,35;https://www.airfleets.net/photo/Air-Belgium_OO-ABG_97032_a330.htm;KF_ABB;Wahr;2026-02-13;;Sonstige;35
SO024;JC Wings;SO;Sonstige Airlines;Virgin Orbit;BOE-747-400-VO;Boeing 747-400 LauncherOne Carrier Aircraft;N744VG;;;L:Virgin Orbit | I:Flight Test | M:with Rocket | N:Cosmic Girl;Cosmic Girl;Virgin Orbit;Flight Test;with Rocket;;Ebay bigbird1946;https://www.ebay.de/itm/336412101117;20,5;2,74;;;;;;http://ocdn.eu/images/pulscms/NDU7MDA_/a1b6ec02-cea2-4aab-8911-311b9d4c8293.jpeg;US_OBT;Wahr;2026-02-13;;Sonstige;36
ORD-SO-37;NG Models;SO;Sonstige Airlines;COMAC;COM-C919-100;Comac C919-100;B-001J;;;L:Factory House Colors | I:Erstes Flugzeug, das komplett in China entwickelt und gefertigt wurde;;Factory House Colors;Erstes Flugzeug, das komplett in China entwickelt und gefertigt wurde;;;Ebay bigbird1946;https://www.ebay.de/itm/336426829170;23,01;6,05;;I:andere Livery | U:https://jjpostcards.com/de/ansichtskarten/43083-china-eastern-c919.html;andere Livery;https://jjpostcards.com/de/ansichtskarten/43083-china-eastern-c919.html;1,35;https://www.planespotters.net/photo/1470415/b-001j-comac-comac-c919-100er;B_COM;Falsch;;2026-02-15;Sonstige;37
SO015;Dragon Wings;SO;Sonstige Airlines;NASA;ROC-OV102;Space Shuttle Orbiter Columbia;OV-102;;;;;;;;;MW-Moba;https://mw-moba.de/Produkt/space-shuttle-orbiter-columbia-nasa-ov-102-dragon-wings-55532-1400/;60;1,48;;I:andere Kennung | U:https://jjpostcards.com/de/ansichtskarten/40969-NASA-Space-Shuttle.html;andere Kennung;https://jjpostcards.com/de/ansichtskarten/40969-NASA-Space-Shuttle.html;1,35;https://cdn2.picryl.com/photo/1991/06/14/sts-40-columbia-ov-102-lands-on-concrete-runway-22-at-eafb-california-5c3a64-1024.jpg;US_NAS;Wahr;2025-11-12;;Sonstige;46
SO010;Herpa Wings;SO;Sonstige Airlines;Buran Space Shuttle;BUR-OK1K1;Buran Space Orbiter OK-1K1;OK-GLI;;;;;;;;;Ebay DS AutoModelle;;14,79;8,9;;;;;;https://aero-bg.com/2020/11/10/35-godini-ot-parviya-polet-na-bts-002/;SU_BUR;Wahr;2025-10-27;;Sonstige;47
SO008;JC Wings;SO;Sonstige Airlines;Virgin Galactic;SCA-SS2;SpaceShipTwo;N348MS;;;I:Composites 348 White Knight II (N348MS & N202VG);;;Composites 348 White Knight II (N348MS & N202VG);;;Flight-Shop.de;https://www.flight-shop.de/;34,24;3,85;;;;;;https://de.wikipedia.org/wiki/SpaceShipTwo#/media/Datei:SS2_and_VMS_Eve.jpg;US_VGX;Wahr;2025-06-26;;Sonstige;48
ORD-SO-49;Patriot Model;SO;Sonstige Airlines;NASA;BOE-747-SCA;Boeing 747 Shuttle Carrier Aircraft;N905NA;;;;;;;;;Aviation Center Berlin;https://www.aviation-center-berlin.de/p/PT-400-023;98,77;;Vorbestellung;U:https://jjpostcards.com/de/ansichtskarten/13106-nasa-b747-space-shutlle.html;;https://jjpostcards.com/de/ansichtskarten/13106-nasa-b747-space-shutlle.html;1,35;https://www.planespotters.net/photo/313229/n905na-nasa-boeing-747-123;US_NAS;Falsch;;2025-12-29;Sonstige;49
SM001;Limox Wings;SM;Sondermaße;Austrian;VIC-Viscount-700;Vickers Viscount 779;OE-LAB;;;I:erstes AUA-Flugzeug;;;erstes AUA-Flugzeug;;'1:500;Kleinanzeigen Steffi;;19;7,5;;;;;;https://media.abpic.co.uk/pictures/full_size_0495/1751037-medium.jpg;OS_AUA;Wahr;2025-05-26;;Sondermaß;4
SM002;Corgi;SM;Sondermaße;Pan Am;BOE-314;Boeing 314 Clipper;NC18605;;;N:Dixie Clipper;Dixie Clipper;;;;'1:350;Leboncoin pat33600;;17;6,95;;I:andere Kennung | U:https://jjpostcards.com/de/ansichtskarten/3024-pan-american-boeing-314.html;andere Kennung;https://jjpostcards.com/de/ansichtskarten/3024-pan-american-boeing-314.html;1,35;https://www.clipperflyingboats.com/wp-content/images/314-138-laguardia1.jpg;PA_PAA;Wahr;2025-06-02;;Sondermaß;5
SM003;Sky-Stars;SM;Sondermaße;Lufthansa;DOR-DOX;Dornier Do X;D-1929;;;;;;;;'1:350;Ebay herzlichst-willkommen;https://www.ebay.de/itm/205689921146;25;14,49;;U:https://jjpostcards.com/de/ansichtskarten/40001-Lufthansa-Dornier-Do-X.html;;https://jjpostcards.com/de/ansichtskarten/40001-Lufthansa-Dornier-Do-X.html;1,35;https://de.wikipedia.org/wiki/Dornier_Do_X#/media/Datei:Dornier_Do-X_(15136810048).jpg;LH_DLH;Wahr;2025-10-10;;Sondermaß;6