aircraft_id;Typ_anzeige;Hersteller;Baureihe;Unterserie;Marketingname;Alternate_designations;parent_aircraft_id;ICAO;IATA;Wingtip;Rumpf;MarketSegment;Role;Flugzeugtyp;Erstflug;Status;Antrieb;Triebwerke;Reichweite;Passengers;Length;Wingspan;Height;Wiki
AER-AL60;Aermacchi AL-60;Aermacchi;AL-60;;;;;AL60;AL6;NONE;SingleAisle;Regional;PAX;Landflugzeug;1959;teils aktiv;Propeller;2;Kurz;10;11,1;14,9;3,4;https://de.wikipedia.org/wiki/Aermacchi_AL-60
AEV-Ae145;Aero Vodochody Ae-145;Aero Vodochody;Ae-145;;;;;;;NONE;SingleAisle;Regional;PAX;Landflugzeug;1959;ausgemustert;Propeller;2;Kurz;9;9;13,6;3,1;https://de.wikipedia.org/wiki/Aero_Ae-145
AEV-Ae45;Aero Vodochody Ae-45;Aero Vodochody;Ae-45;;;;;;;NONE;SingleAisle;Regional;PAX;Landflugzeug;1947;ausgemustert;Propeller;2;Kurz;4;8,6;12,6;3,1;https://de.wikipedia.org/wiki/Aero_Ae-45
AEV-L29;Aero Vodochody L-29 Delfín;Aero Vodochody;L-29;Delfín;;;;L29;L29;NONE;SingleAisle;Special;TRAINER;Landflugzeug;1959;ausgemustert;Jet;1;Kurz;2;10,81;10,29;3,13;https://de.wikipedia.org/wiki/Aero_L-29
AIB-A220-100;Airbus A220-100;Airbus;A220;-100;;CSeries, BCS1 (CS100), BCS3 (CS300);;A221;221;NONE;SingleAisle;Standard;PAX;Landflugzeug;2013;aktiv;Jet;2;Mittel;120;35;35,1;11,5;https://de.wikipedia.org/wiki/Airbus_A220#A220-100
AIB-A220-300;Airbus A220-300;Airbus;A220;-300;;CSeries, BCS1 (CS100), BCS3 (CS300);;A223;223;NONE;SingleAisle;Standard;PAX;Landflugzeug;2015;aktiv;Jet;2;Mittel;150;38,7;35,1;11,5;https://de.wikipedia.org/wiki/Airbus_A220#A220-300
AIB-A300-600;Airbus A300-600;Airbus;A300;-600;;;;A306;306;NONE;TwinAisle;LongHaul;PAX;Landflugzeug;1983;ausgemustert;Jet;2;Mittel;266;54,1;44,8;16,5;https://de.wikipedia.org/wiki/Airbus_A300#A300-600
AIB-A300-600ST;Airbus A300-600ST Beluga;Airbus;A300;-600ST;Beluga;;AIB-A300-600;A3ST;BST;NONE;TwinAisle;Special;CARGO;Landflugzeug;1994;aktiv;Jet;2;Mittel;0;56,2;44,8;17,2;https://de.wikipedia.org/wiki/Airbus_Beluga
AIB-A300-B2;Airbus A300 B2;Airbus;A300;B2;;;;A30B;AB3;NONE;TwinAisle;LongHaul;PAX;Landflugzeug;1972;ausgemustert;Jet;2;Mittel;270;53,6;44,8;16,5;https://de.wikipedia.org/wiki/Airbus_A300#A300_B2
AIB-A300-B4;Airbus A300 B4;Airbus;A300;B4;;;;A30B;AB4;NONE;TwinAisle;LongHaul;PAX;Landflugzeug;1974;ausgemustert;Jet;2;Mittel;280;53,6;44,8;16,5;https://de.wikipedia.org/wiki/Airbus_A300#A300_B4
AIB-A310-200;Airbus A310-200;Airbus;A310;-200;;;;A310;310;NONE;TwinAisle;LongHaul;PAX;Landflugzeug;1982;ausgemustert;Jet;2;Mittel;280;46,7;43,9;15,8;https://de.wikipedia.org/wiki/Airbus_A310#A310-200
AIB-A310-300;Airbus A310-300;Airbus;A310;-300;;;;A313;313;NONE;TwinAisle;LongHaul;PAX;Landflugzeug;1985;ausgemustert;Jet;2;Lang;280;46,7;43,9;15,8;https://de.wikipedia.org/wiki/Airbus_A310#A310-300
AIB-A310-304VIP;Airbus A310-304 VIP (Regierungsflugzeug, Luftwaffe);Airbus;A310;304VIP;A310-304 VIP;Airbus A310-304 VIP|A310-304 Regierungsflugzeug|Luftwaffe 10+21|Regierungsflugzeug Deutschland;AIB-A310-300;A310;310;NONE;TwinAisle;LongHaul;SPECIAL;Landflugzeug;1985;aktiv;Jet;2;Lang;80;46,66;43,9;15,8;https://de.wikipedia.org/wiki/Airbus_A310#A310-300_als_Regierungsflugzeug
AIB-A318;Airbus A318;Airbus;A318;;;;;A318;318;NONE;SingleAisle;Standard;PAX;Landflugzeug;2002;ausgemustert;Jet;2;Kurz/Mittel;132;31,44;34,1;12,6;https://de.wikipedia.org/wiki/Airbus_A318
AIB-A318-SL;Airbus A318 (Sharklets);Airbus;A318;;;;;A318;318;SL;SingleAisle;Standard;PAX;Landflugzeug;2002;ausgemustert;Jet;2;Kurz/Mittel;132;31,44;34,1;12,6;https://de.wikipedia.org/wiki/Airbus_A318
AIB-A319;Airbus A319;Airbus;A319;;;;;A319;319;NONE;SingleAisle;Standard;PAX;Landflugzeug;1995;aktiv;Jet;2;Kurz/Mittel;156;33,84;34,1;11,76;https://de.wikipedia.org/wiki/Airbus_A319
AIB-A319LR;Airbus A319LR Long Range;Airbus;A319;LR;Long Range;;;A319;31L;NONE;SingleAisle;Standard;PAX;Landflugzeug;1996;aktiv;Jet;2;Lang;124;33,84;34,1;11,76;https://de.wikipedia.org/wiki/Airbus_A319#A319_LR
AIB-A319LR-SL;Airbus A319LR Long Range (Sharklets);Airbus;A319;LR;Long Range;;;A319;31L;SL;SingleAisle;Standard;PAX;Landflugzeug;1996;aktiv;Jet;2;Lang;124;33,84;35,8;11,76;https://de.wikipedia.org/wiki/Airbus_A319#A319_LR
AIB-A319-neo;Airbus A319neo;Airbus;A319;neo;;;;A19N;31N;SL;SingleAisle;Standard;PAX;Landflugzeug;2017;aktiv;Jet;2;Mittel;160;33,84;35,8;11,76;https://de.wikipedia.org/wiki/Airbus_A319neo
AIB-A319-SL;Airbus A319 (Sharklets);Airbus;A319;;;;;A319;319;SL;SingleAisle;Standard;PAX;Landflugzeug;1995;aktiv;Jet;2;Kurz/Mittel;156;33,84;34,1;11,76;https://de.wikipedia.org/wiki/Airbus_A319
AIB-A320-100;Airbus A320-100;Airbus;A320;-100;;;;A320;320;NONE;SingleAisle;Standard;PAX;Landflugzeug;1987;ausgemustert;Jet;2;Mittel;150;37,57;34,1;11,76;https://de.wikipedia.org/wiki/Airbus_A320#A320-100
AIB-A320-200;Airbus A320-200;Airbus;A320;-200;;;;A320;320;NONE;SingleAisle;Standard;PAX;Landflugzeug;1988;aktiv;Jet;2;Mittel;180;37,57;34,1;11,76;https://de.wikipedia.org/wiki/Airbus_A320#A320-200
AIB-A320-200-SL;Airbus A320-200 (Sharklets);Airbus;A320;-200;;;;A320;320;SL;SingleAisle;Standard;PAX;Landflugzeug;1988;aktiv;Jet;2;Mittel;180;37,57;35,8;11,76;https://de.wikipedia.org/wiki/Airbus_A320#A320-200
AIB-A320-neo;Airbus A320neo;Airbus;A320;neo;;;;A20N;32N;SL;SingleAisle;Standard;PAX;Landflugzeug;2014;aktiv;Jet;2;Mittel;195;37,57;35,8;11,76;https://de.wikipedia.org/wiki/Airbus_A320neo-Familie
AIB-A321-100;Airbus A321-100;Airbus;A321;-100;;;;A321;321;NONE;SingleAisle;Standard;PAX;Landflugzeug;1993;ausgemustert;Jet;2;Mittel;185;44,51;34,1;11,76;https://de.wikipedia.org/wiki/Airbus_A321#A321-100
AIB-A321-200;Airbus A321-200;Airbus;A321;-200;;;;A321;321;NONE;SingleAisle;Standard;PAX;Landflugzeug;1997;aktiv;Jet;2;Mittel;220;44,51;34,1;11,76;https://de.wikipedia.org/wiki/Airbus_A321#A321-200
AIB-A321-200-SL;Airbus A321-200 (Sharklets);Airbus;A321;-200;;;;A321;321;SL;SingleAisle;Standard;PAX;Landflugzeug;1997;aktiv;Jet;2;Mittel;220;44,51;35,8;11,76;https://de.wikipedia.org/wiki/Airbus_A321#A321-200
AIB-A321-LR;Airbus A321 LR;Airbus;A321;LR;;;;A21N;32Q;SL;SingleAisle;Standard;PAX;Landflugzeug;2018;aktiv;Jet;2;Lang;206;44,51;35,8;11,76;https://de.wikipedia.org/wiki/Airbus_A321LR
AIB-A321-neo;Airbus A321neo;Airbus;A321;neo;;;;A21N;32Q;SL;SingleAisle;Standard;PAX;Landflugzeug;2016;aktiv;Jet;2;Mittel;206;44,51;35,8;11,76;https://de.wikipedia.org/wiki/Airbus_A321neo
AIB-A321-XLR;Airbus A321 XLR;Airbus;A321;XLR;;;;A21X;32R;SL;SingleAisle;Standard;PAX;Landflugzeug;2022;aktiv;Jet;2;Lang;244;44,51;35,8;11,76;https://de.wikipedia.org/wiki/Airbus_A321XLR
AIB-A330-200;Airbus A330-200;Airbus;A330;-200;;;;A332;332;NONE;TwinAisle;LongHaul;PAX;Landflugzeug;1992;aktiv;Jet;2;Lang;253;58,82;60,3;17,39;https://de.wikipedia.org/wiki/Airbus_A330#A330-200
AIB-A330-200-SL;Airbus A330-200 (Sharklets);Airbus;A330;-200;;;;A332;332;SL;TwinAisle;LongHaul;PAX;Landflugzeug;1992;aktiv;Jet;2;Lang;253;58,82;60,3;17,39;https://de.wikipedia.org/wiki/Airbus_A330#A330-200
AIB-A330-300;Airbus A330-300;Airbus;A330;-300;;;;A333;333;NONE;TwinAisle;LongHaul;PAX;Landflugzeug;1992;aktiv;Jet;2;Lang;300;63,69;60,3;16,85;https://de.wikipedia.org/wiki/Airbus_A330#A330-300
AIB-A330-300-SL;Airbus A330-300 (Sharklets);Airbus;A330;-300;;;;A333;333;SL;TwinAisle;LongHaul;PAX;Landflugzeug;1992;aktiv;Jet;2;Lang;300;63,69;60,3;16,85;https://de.wikipedia.org/wiki/Airbus_A330#A330-300
AIB-A330-743L;Airbus A330-743L BelugaXL;Airbus;A330;-743L;BelugaXL;;;A337;37L;NONE;TwinAisle;Special;CARGO;Landflugzeug;2018;aktiv;Jet;2;Mittel;0;63,1;60,3;18,9;https://de.wikipedia.org/wiki/Airbus_Beluga_XL
AIB-A330-800neo;Airbus A330-800neo;Airbus;A330;-800neo;;;;A338;338;SL;TwinAisle;LongHaul;PAX;Landflugzeug;2017;aktiv;Jet;2;Lang;257;58,82;64;17,39;https://de.wikipedia.org/wiki/Airbus_A330neo
AIB-A330-900neo;Airbus A330-900neo;Airbus;A330;-900neo;;;;A339;339;SL;TwinAisle;LongHaul;PAX;Landflugzeug;2017;aktiv;Jet;2;Lang;287;63,69;64;16,85;https://de.wikipedia.org/wiki/Airbus_A330neo
AIB-A340-200;Airbus A340-200;Airbus;A340;-200;;;;A342;342;NONE;TwinAisle;LongHaul;PAX;Landflugzeug;1992;ausgemustert;Jet;4;Lang;261;59,39;60,3;16,7;https://de.wikipedia.org/wiki/Airbus_A340#A340-200
AIB-A340-300;Airbus A340-300;Airbus;A340;-300;;;;A343;343;NONE;TwinAisle;LongHaul;PAX;Landflugzeug;1993;teils aktiv;Jet;4;Lang;295;63,69;60,3;16,7;https://de.wikipedia.org/wiki/Airbus_A340#A340-300
AIB-A340-500;Airbus A340-500;Airbus;A340;-500;;;;A345;345;NONE;TwinAisle;LongHaul;PAX;Landflugzeug;2002;ausgemustert;Jet;4;Ultra-lang;313;67,9;63,45;17,1;https://de.wikipedia.org/wiki/Airbus_A340#A340-500
AIB-A340-600;Airbus A340-600;Airbus;A340;-600;;;;A346;346;NONE;TwinAisle;LongHaul;PAX;Landflugzeug;2001;teils aktiv;Jet;4;Ultra-lang;380;75,36;63,45;17,3;https://de.wikipedia.org/wiki/Airbus_A340#A340-600
AIB-A350-1000;Airbus A350-1000;Airbus;A350;-1000;;;;A35K;351;NONE;TwinAisle;LongHaul;PAX;Landflugzeug;2016;aktiv;Jet;2;Ultra-lang;369;73,79;64,75;17,08;https://de.wikipedia.org/wiki/Airbus_A350#A350-1000
AIB-A350-900;Airbus A350-900;Airbus;A350;-900;;;;A359;359;NONE;TwinAisle;LongHaul;PAX;Landflugzeug;2013;aktiv;Jet;2;Lang;325;66,8;64,75;17,05;https://de.wikipedia.org/wiki/Airbus_A350#A350-900
AIB-ACJ350-900;Airbus ACJ350-900 (Regierungsflugzeug, Luftwaffe);Airbus;A350;ACJ350;ACJ350-900 VIP|A350-900 VIP|Airbus Corporate Jet A350-900;ACJ350-900 VIP|A350-900 VIP|Airbus Corporate Jet A350-900;AIB-A350-900;A359;359;SL;TwinAisle;LongHaul;SPECIAL;Landflugzeug;2020;aktiv;Jet;2;Ultra-lang;150;66,8;64,75;17,05;https://de.wikipedia.org/wiki/Airbus_A350#ACJ350-900
AIB-A380-800;Airbus A380-800;Airbus;A380;-800;;;;A388;388;NONE;VeryLarge;VLA;PAX;Landflugzeug;2005;aktiv;Jet;4;Ultra-lang;555;72,7;79,75;24,1;https://de.wikipedia.org/wiki/Airbus_A380
AIR-AS57;Airspeed AS57 Ambassador;Airspeed;AS57;;Ambassador;;;AMBA;AMB;NONE;SingleAisle;Regional;PAX;Landflugzeug;1947;ausgemustert;Propeller;2;Kurz/Mittel;47;25,5;34,7;7,8;https://de.wikipedia.org/wiki/Airspeed_Ambassador
ANT-An124;Antonov An-124 Ruslan;Antonov;An-124;;Ruslan;AN-124;;A124;;NONE;TwinAisle;Special;CARGO;Landflugzeug;1982;aktiv;Jet;4;Lang;0;68,96;73,3;20,78;https://de.wikipedia.org/wiki/Antonow_An-124
ANT-An140;Antonov An-140;Antonov;An-140;;;;;A140;---;NONE;SingleAisle;Regional;PAX;Landflugzeug;1997;teils aktiv;Turboprop;2;Kurz/Mittel;52;22,6;24,5;8,23;https://de.wikipedia.org/wiki/Antonow_An-140
ANT-An148;Antonov An-148;Antonov;An-148;;;;;A148;---;NONE;SingleAisle;Regional;PAX;Landflugzeug;2004;teils aktiv;Jet;2;Mittel;85;29,13;28,91;8,4;https://de.wikipedia.org/wiki/Antonow_An-148
ANT-An158;Antonov An-158;Antonov;An-158;;;;;A158;---;NONE;SingleAisle;Regional;PAX;Landflugzeug;2010;teils aktiv;Jet;2;Mittel;99;34,36;28,91;9,6;https://de.wikipedia.org/wiki/Antonow_An-158
ANT-An2;Antonov An-2;Antonov;An-2;;;;;AN2;AN2;NONE;SingleAisle;Regional;PAX;Landflugzeug;1947;teils aktiv;Propeller;1;Kurz;12;12,4;18,17;4,13;https://de.wikipedia.org/wiki/Antonow_An-2
ANT-An225;Antonov An-225 Mriya;Antonov;An-225;;Mriya;AN-225;;A225;;NONE;TwinAisle;Special;CARGO;Landflugzeug;1988;ausgemustert;Jet;6;Lang;0;84;88,4;18,1;https://de.wikipedia.org/wiki/Antonow_An-225
ANT-An24;Antonov An-24;Antonov;An-24;;;;;AN24;AN4;NONE;SingleAisle;Regional;PAX;Landflugzeug;1959;teils aktiv;Turboprop;2;Kurz;44;23,53;29,2;8,32;https://de.wikipedia.org/wiki/Antonow_An-24
ANT-An26;Antonov An-26;Antonov;An-26;;;;ANT-An24;AN26;A26;NONE;SingleAisle;Regional;CARGO;Landflugzeug;1969;teils aktiv;Turboprop;2;Kurz;0;23,8;29,2;8,58;https://de.wikipedia.org/wiki/Antonow_An-26
ANT-An28;Antonov An-28;Antonov;An-28;;;;;AN28;A28;NONE;SingleAisle;Regional;PAX;Landflugzeug;1975;teils aktiv;Turboprop;2;Kurz;17;12,98;22,06;4,6;https://de.wikipedia.org/wiki/Antonow_An-28
ANT-AN32;Antonov An-32;Antonov;An-32;;An-32;Antonov An-32|An-26-100|An-32B;ANT-An26;AN32;A32;NONE;TwinAisle;Regional;CARGO;Landflugzeug;1976;aktiv;Turboprop;2;Mittel;50;23,78;29,2;8,75;https://de.wikipedia.org/wiki/Antonow_An-32
ANT-An72;Antonov An-72;Antonov;An-72;;;;;AN72;A72;NONE;SingleAisle;Regional;PAX;Landflugzeug;1977;teils aktiv;Jet;2;Kurz/Mittel;52;28,07;31,89;8,65;https://de.wikipedia.org/wiki/Antonow_An-72
ANT-An74;Antonov An-74;Antonov;An-74;;;;;AN74;A74;NONE;SingleAisle;Regional;PAX;Landflugzeug;1983;teils aktiv;Jet;2;Kurz/Mittel;52;28,07;31,89;8,65;https://de.wikipedia.org/wiki/Antonow_An-74
ARW-AW27;Armstrong Whitworth A.W.27 Ensign;Armstrong Whitworth;A.W.27;;Ensign;Armstrong Whitworth Ensign|A.W.27;;AW27;AW7;NONE;TwinAisle;Standard;PAX;Landflugzeug;1938;ausgemustert;Kolbenmotor;4;Mittel;40;30,48;38,41;8,23;https://de.wikipedia.org/wiki/Armstrong_Whitworth_Ensign
ASP-377MG;Aero Spacelines Mini Guppy;Aero Spacelines;B-377MG;;Mini Guppy;B-377MG;BOE-377;;;NONE;TwinAisle;Special;CARGO;Landflugzeug;1967;ausgemustert;Propeller;4;Mittel;0;43,8;47,6;14,8;https://de.wikipedia.org/wiki/Aero_Spacelines_Mini_Guppy
ASP-377MGT;Aero Spacelines Mini Guppy Turbine;Aero Spacelines;B-377MGT;;Mini Guppy Turbine;B-377MGT;BOE-377;;;NONE;TwinAisle;Special;CARGO;Landflugzeug;1967;ausgemustert;Turboprop;4;Mittel;0;43,8;47,6;14,8;https://de.wikipedia.org/wiki/Aero_Spacelines_Mini_Guppy
ASP-377PG;Aero Spacelines Pregnant Guppy;Aero Spacelines;B-377PG;;Pregnant Guppy;B-377PG;BOE-377;;;NONE;TwinAisle;Special;CARGO;Landflugzeug;1962;ausgemustert;Propeller;4;Mittel;0;43,8;47,6;14,8;https://de.wikipedia.org/wiki/Aero_Spacelines_Pregnant_Guppy
ASP-B377SG;Aero Spacelines Super Guppy;Aero Spacelines;B-377SG;;Super Guppy;B-377SG;BOE-377;;;NONE;TwinAisle;Special;CARGO;Landflugzeug;1965;ausgemustert;Propeller;4;Mittel;0;43,8;47,6;14,8;https://de.wikipedia.org/wiki/Aero_Spacelines_Super_Guppy
ASP-B377SGT;Aero Spacelines Super Guppy SGT-201;Aero Spacelines;B-377SGT-201;;Super Guppy Turbine;B-377SGT;BOE-377;SGUP;;NONE;TwinAisle;Special;CARGO;Landflugzeug;1970;aktiv;Turboprop;4;Mittel;0;43,8;47,6;14,8;https://de.wikipedia.org/wiki/Aero_Spacelines_Super_Guppy
ATR-ATR42-300;ATR ATR 42-300;ATR;ATR 42;-300;;;;AT43;ATR;NONE;SingleAisle;Regional;PAX;Landflugzeug;1984;teils aktiv;Turboprop;2;Kurz;48;22,67;24,57;7,59;https://de.wikipedia.org/wiki/ATR_42#ATR_42-300
ATR-ATR42-500;ATR ATR 42-500;ATR;ATR 42;-500;;;;AT45;ATR;NONE;SingleAisle;Regional;PAX;Landflugzeug;1995;aktiv;Turboprop;2;Kurz;50;22,67;24,57;7,59;https://de.wikipedia.org/wiki/ATR_42#ATR_42-500
ATR-ATR42-600;ATR ATR 42-600;ATR;ATR 42;-600;;;;AT46;ATR;NONE;SingleAisle;Regional;PAX;Landflugzeug;2010;aktiv;Turboprop;2;Kurz;50;22,67;24,57;7,59;https://de.wikipedia.org/wiki/ATR_42#ATR_42-600
ATR-ATR72-200;ATR ATR 72-200;ATR;ATR 72;-200;;;;AT72;ATR;NONE;SingleAisle;Regional;PAX;Landflugzeug;1988;ausgemustert;Turboprop;2;Kurz/Mittel;70;27,17;27,05;7,65;https://de.wikipedia.org/wiki/ATR_72#ATR_72-200
ATR-ATR72-500;ATR ATR 72-500;ATR;ATR 72;-500;;;;AT75;ATR;NONE;SingleAisle;Regional;PAX;Landflugzeug;1997;aktiv;Turboprop;2;Kurz/Mittel;74;27,17;27,05;7,65;https://de.wikipedia.org/wiki/ATR_72#ATR_72-500
ATR-ATR72-600;ATR ATR 72-600;ATR;ATR 72;-600;;;;AT76;ATR;NONE;SingleAisle;Regional;PAX;Landflugzeug;2009;aktiv;Turboprop;2;Kurz/Mittel;78;27,17;27,05;7,65;https://de.wikipedia.org/wiki/ATR_72#ATR_72-600
AVI-MA700;AVIC MA700;AVIC;MA700;;;;;MA70;M70;NONE;SingleAisle;Regional;PAX;Landflugzeug;2017;Prototyp;Turboprop;2;Kurz/Mittel;78;30,5;28,5;8,4;https://en.wikipedia.org/wiki/Xi%27an_MA700
AVR-685;Avro 685 York;Avro;685;;York;Avro York|Avro 685 York C.I|Avro 685 York C.II;;AV65;AV5;NONE;TwinAisle;LongHaul;PAX;Landflugzeug;1942;ausgemustert;Kolbenmotor;4;Lang;56;23,33;33,94;5,33;https://de.wikipedia.org/wiki/Avro_York
AVR-688;Avro 688/689 Tudor;Avro;688/689;;Tudor;Avro Tudor|Avro 688 Tudor I|Avro 689 Tudor II;;AV68;AV8;NONE;SingleAisle;LongHaul;PAX;Landflugzeug;1945;ausgemustert;Kolbenmotor;4;Lang;44;32,18;36,58;9;https://de.wikipedia.org/wiki/Avro_Tudor
AVR-691;Avro 691 Lancastrian;Avro;691;;Lancastrian;Avro Lancastrian|Avro 691;;AV69;AV9;NONE;SingleAisle;LongHaul;PAX;Landflugzeug;1943;ausgemustert;Kolbenmotor;4;Lang;33;21,18;31,09;6,6;https://de.wikipedia.org/wiki/Avro_Lancastrian
BAC-111-200;BAC 1-11-200;BAC;111;200;One-Eleven 200;;;BAC1;B12;NONE;SingleAisle;Standard;PAX;Landflugzeug;1963;ausgemustert;Jet;2;Mittel;79;28,5;26,97;7,47;https://de.wikipedia.org/wiki/BAC_1-11
BAC-111-300;BAC 1-11-300;BAC;111;300;One-Eleven 300;;;BAC1;B13;NONE;SingleAisle;Standard;PAX;Landflugzeug;1964;ausgemustert;Jet;2;Mittel;79;28,5;26,97;7,47;https://de.wikipedia.org/wiki/BAC_1-11
BAC-111-400;BAC 1-11-400;BAC;111;400;One-Eleven 400;;;BAC1;B14;NONE;SingleAisle;Standard;PAX;Landflugzeug;1965;ausgemustert;Jet;2;Mittel;79;28,5;26,97;7,47;https://de.wikipedia.org/wiki/BAC_1-11
BAC-111-500;BAC 1-11-500;BAC;111;500;Super One-Eleven;;;BAC1;B15;NONE;SingleAisle;Standard;PAX;Landflugzeug;1967;ausgemustert;Jet;2;Lang;119;32,61;28,5;7,47;https://de.wikipedia.org/wiki/BAC_1-11
BAE-146-100;BAe 146-100 / Avro RJ70;British Aerospace / Avro;BAe 146;100;Avro RJ70;BAe 146-100|Avro RJ70;;B461;146;NONE;SingleAisle;Regional;PAX;Landflugzeug;1981;ausgemustert;Jet;4;Kurz/Mittel;82;26,19;26,34;8,61;https://de.wikipedia.org/wiki/British_Aerospace_BAe_146#BAe_146-100
BAE-146-200;BAe 146-200 / Avro RJ85;British Aerospace / Avro;BAe 146;200;Avro RJ85;BAe 146-200|Avro RJ85;;B462;146;NONE;SingleAisle;Regional;PAX;Landflugzeug;1983;aktiv;Jet;4;Kurz/Mittel;100;28,55;26,34;8,61;https://de.wikipedia.org/wiki/British_Aerospace_BAe_146#BAe_146-200
BAE-146-300;BAe 146-300 / Avro RJ100;British Aerospace / Avro;BAe 146;300;Avro RJ100;BAe 146-300|Avro RJ100;;B463;146;NONE;SingleAisle;Regional;PAX;Landflugzeug;1988;aktiv;Jet;4;Kurz/Mittel;112;31,01;26,34;8,61;https://de.wikipedia.org/wiki/British_Aerospace_BAe_146#BAe_146-300
BAE-ATP;British Aerospace ATP;British Aerospace;ATP;;;;;ATP;ATP;NONE;SingleAisle;Regional;PAX;Landflugzeug;1986;ausgemustert;Turboprop;2;Kurz/Mittel;72;26;30,6;8,5;https://de.wikipedia.org/wiki/British_Aerospace_ATP
BAE-Jetstream-31;British Aerospace Jetstream 31;British Aerospace;Jetstream;31;; ;;JS31;J31;NONE;SingleAisle;Regional;PAX;Landflugzeug;1980;ausgemustert;Turboprop;2;Kurz;19;14,7;15,8;5;https://de.wikipedia.org/wiki/British_Aerospace_Jetstream_31
BAE-Jetstream-32;British Aerospace Jetstream 32;British Aerospace;Jetstream;32;; ;;JS32;J32;NONE;SingleAisle;Regional;PAX;Landflugzeug;1982;ausgemustert;Turboprop;2;Kurz;19;14,7;15,8;5;https://de.wikipedia.org/wiki/British_Aerospace_Jetstream_31#Jetstream_32
BAE-Jetstream-41;British Aerospace Jetstream 41;British Aerospace;Jetstream;41;; ;;JS41;J41;NONE;SingleAisle;Regional;PAX;Landflugzeug;1991;ausgemustert;Turboprop;2;Kurz;29;19,25;18,29;5,74;https://de.wikipedia.org/wiki/British_Aerospace_Jetstream_41
BAS-BT67;Basler BT-67;Basler;BT-67;;;C-47, Dakota;DOU-DC3;BT67;BT7;NONE;SingleAisle;Special;CARGO;Landflugzeug;1987;teils aktiv;Turboprop;2;Kurz/Mittel;0;19,83;28,96;5,33;https://de.wikipedia.org/wiki/Basler_BT-67
BEE-1900C;Beechcraft 1900C;Beechcraft;1900C;;;;;BE19;B19;NONE;SingleAisle;Regional;PAX;Landflugzeug;1982;ausgemustert;Turboprop;2;Kurz;19;17,63;17,67;4,52;https://de.wikipedia.org/wiki/Beechcraft_1900
BEE-1900D;Beechcraft 1900D;Beechcraft;1900D;;;;;BE20;B190;NONE;SingleAisle;Regional;PAX;Landflugzeug;1991;teils aktiv;Turboprop;2;Kurz;19;17,63;17,67;4,72;https://de.wikipedia.org/wiki/Beechcraft_1900#1900D
BEE-99;Beechcraft 99;Beechcraft;99;;;;;BE99;B99;NONE;SingleAisle;Regional;PAX;Landflugzeug;1966;ausgemustert;Turboprop;2;Kurz;15;10,67;13,6;4,52;https://de.wikipedia.org/wiki/Beechcraft_Model_99
BER-Be200;Beriev Be-200;Beriev;Be-200;;;;;BE2P;BE2;NONE;SingleAisle;Special;PAX;Amphibienflugzeug;1998;teils aktiv;Jet;2;Kurz/Mittel;72;32,05;32,78;8,9;https://de.wikipedia.org/wiki/Berijew_Be-200
BER-Be30;Beriev Be-30;Beriev;Be-30;;;;;BE30;BE3;NONE;SingleAisle;Regional;PAX;Landflugzeug;1967;Prototyp/teils genutzt;Turboprop;2;Kurz;14;9,7;15;3,3;https://de.wikipedia.org/wiki/Berijew_Be-30
BER-Be32;Beriev Be-32;Beriev;Be-32;;;;;BE32;BE3;NONE;SingleAisle;Regional;PAX;Landflugzeug;1976;Prototyp/teils genutzt;Turboprop;2;Kurz;14;11,84;15,5;4,3;https://en.wikipedia.org/wiki/Beriev_Be-32
BOE-247;Boeing 247;Boeing;247;;;;;B247;247;NONE;SingleAisle;Standard;PAX;Landflugzeug;1933;ausgemustert;Propeller;2;Kurz/Mittel;10;15,18;22,56;3,96;https://de.wikipedia.org/wiki/Boeing_247
BOE-307;Boeing 307 Stratoliner;Boeing;307;;Stratoliner;;;BO37;B37;NONE;SingleAisle;Standard;PAX;Landflugzeug;1938;ausgemustert;Propeller;4;Mittel;33;22,66;32,61;6,2;https://de.wikipedia.org/wiki/Boeing_307
BOE-314;Boeing 314;Boeing;314;;;;;B314;---;NONE;SingleAisle;Special;PAX;Wasserflugzeug;1938;ausgemustert;Propeller;4;Lang;74;32,36;46,96;9,65;https://de.wikipedia.org/wiki/Boeing_314
BOE-377;Boeing 377 Stratocruiser;Boeing;377;;Stratocruiser;;;BO37;B77;NONE;SingleAisle;LongHaul;PAX;Landflugzeug;1947;ausgemustert;Propeller;4;Lang;100;33,63;43,05;11,71;https://de.wikipedia.org/wiki/Boeing_377
BOE-707-120;Boeing 707-120;Boeing;707;-120;; ;;B701;707;NONE;SingleAisle;LongHaul;PAX;Landflugzeug;1957;ausgemustert;Jet;4;Mittel;110;44,04;39,9;12,93;https://de.wikipedia.org/wiki/Boeing_707#707-100
BOE-VC137A;Boeing VC-137A Stratoliner;Boeing;707;VC-137A;VC-137A;Boeing VC-137A|707-153|Air Force One;BOE-707-120;B707;707;NONE;TwinAisle;Special;SPECIAL;Landflugzeug;1959;ausgemustert;Jet;4;Lang;50;44,22;39,88;12,93;https://en.wikipedia.org/wiki/Boeing_C-137_Stratoliner#C-137_Stratoliner
BOE-707-138;Boeing 707-138;Boeing;707;-138;; ;;B701;713;NONE;SingleAisle;LongHaul;PAX;Landflugzeug;1959;ausgemustert;Jet;4;Lang;110;40,4;39,9;12,93;https://de.wikipedia.org/wiki/Boeing_707#707-100
BOE-707-220;Boeing 707-220;Boeing;707;-220;; ;;B702;722;NONE;SingleAisle;LongHaul;PAX;Landflugzeug;1959;ausgemustert;Jet;4;Mittel;189;44,22;39,88;12,93;https://de.wikipedia.org/wiki/Boeing_707#707-200
BOE-707-320;Boeing 707-320 Intercontinental;Boeing;707;-320;Intercontinental;;;B703;732;NONE;SingleAisle;LongHaul;PAX;Landflugzeug;1959;ausgemustert;Jet;4;Lang;189;46,61;44,42;12,93;https://de.wikipedia.org/wiki/Boeing_707#707-300
BOE-VC137B;Boeing VC-137B Stratoliner;Boeing;707;VC-137B;VC-137B;Boeing VC-137B|707-353B|Air Force One;BOE-707-320;B707;707;NONE;TwinAisle;Special;SPECIAL;Landflugzeug;1962;ausgemustert;Jet;4;Lang;50;46,61;44,22;12,93;https://en.wikipedia.org/wiki/Boeing_C-137_Stratoliner#C-137_Stratoliner
BOE-VC137C;Boeing VC-137C Stratoliner;Boeing;707;VC-137C;VC-137C;Boeing VC-137C|SAM 26000|SAM 27000|Air Force One;BOE-707-320;B707;707;NONE;TwinAisle;Special;SPECIAL;Landflugzeug;1962;Museumsflugzeug;Jet;4;Lang;50;46,61;44,22;12,93;https://en.wikipedia.org/wiki/Boeing_C-137_Stratoliner#C-137_Stratoliner
BOE-707-330C;Boeing 707-330C;Boeing;707;-330C;;707-330C Convertible;BOE-707-320C;B703;703;NONE;SingleAisle;LongHaul;CARGO;Landflugzeug;1963;ausgemustert;Jet;4;Lang;0;46,61;44,42;12,93;https://de.wikipedia.org/wiki/Boeing_707#707-300
BOE-707-420;Boeing 707-420;Boeing;707;-420;; ;;B704;742;NONE;SingleAisle;LongHaul;PAX;Landflugzeug;1960;ausgemustert;Jet;4;Lang;189;46,61;44,42;12,93;https://de.wikipedia.org/wiki/Boeing_707#707-400
BOE-717;Boeing 717;Boeing;717;;;DC-9-95, MD-95;;B717;717;NONE;SingleAisle;Standard;PAX;Landflugzeug;1998;aktiv;Jet;2;Kurz/Mittel;106;32,81;28,45;8,92;https://de.wikipedia.org/wiki/Boeing_717
BOE-720;Boeing 720;Boeing;720;;;707-020;;B720;720;NONE;SingleAisle;LongHaul;PAX;Landflugzeug;1959;ausgemustert;Jet;4;Kurz/Mittel;149;41,6;39,9;12,93;https://de.wikipedia.org/wiki/Boeing_720
BOE-727-100;Boeing 727-100;Boeing;727;-100;;;;B721;721;NONE;SingleAisle;Standard;PAX;Landflugzeug;1963;ausgemustert;Jet;3;Mittel;106;40,6;32,9;10,36;https://de.wikipedia.org/wiki/Boeing_727#727-100
BOE-727-200;Boeing 727-200;Boeing;727;-200;;;;B722;727;NONE;SingleAisle;Standard;PAX;Landflugzeug;1967;ausgemustert;Jet;3;Mittel;189;46,7;32,9;10,36;https://de.wikipedia.org/wiki/Boeing_727#727-200
BOE-737-100;Boeing 737-100;Boeing;737;-100;; ;;B731;731;NONE;SingleAisle;Standard;PAX;Landflugzeug;1967;ausgemustert;Jet;2;Kurz/Mittel;85;28,65;28,35;11,28;https://de.wikipedia.org/wiki/Boeing_737#Boeing_737-100
BOE-737-200;Boeing 737-200;Boeing;737;-200;; ;;B732;732;NONE;SingleAisle;Standard;PAX;Landflugzeug;1968;ausgemustert;Jet;2;Kurz/Mittel;102;30,53;28,35;11,28;https://de.wikipedia.org/wiki/Boeing_737#Boeing_737-200
BOE-737-300;Boeing 737-300;Boeing;737;-300;; ;;B733;733;NONE;SingleAisle;Standard;PAX;Landflugzeug;1984;ausgemustert;Jet;2;Kurz/Mittel;149;33,4;28,9;11,1;https://de.wikipedia.org/wiki/Boeing_737#Boeing_737-300
BOE-737-400;Boeing 737-400;Boeing;737;-400;; ;;B734;734;NONE;SingleAisle;Standard;PAX;Landflugzeug;1988;ausgemustert;Jet;2;Kurz/Mittel;168;36,5;28,9;11,1;https://de.wikipedia.org/wiki/Boeing_737#Boeing_737-400
BOE-737-500;Boeing 737-500;Boeing;737;-500;; ;;B735;735;NONE;SingleAisle;Standard;PAX;Landflugzeug;1990;teils aktiv;Jet;2;Kurz/Mittel;132;31;28,9;11,1;https://de.wikipedia.org/wiki/Boeing_737#Boeing_737-500
BOE-737-600;Boeing 737-600;Boeing;737;-600;; ;;B736;736;NONE;SingleAisle;Standard;PAX;Landflugzeug;1998;teils aktiv;Jet;2;Kurz/Mittel;132;31,2;34,3;12,5;https://de.wikipedia.org/wiki/Boeing_737#Boeing_737-600
BOE-737-600-WL;Boeing 737-600 (Winglets);Boeing;737;-600;;;;B736;736;WL;SingleAisle;Standard;PAX;Landflugzeug;1998;teils aktiv;Jet;2;Kurz/Mittel;132;31,2;35,79;12,5;https://de.wikipedia.org/wiki/Boeing_737#Boeing_737-600
BOE-737-700;Boeing 737-700;Boeing;737;-700;; ;;B737;737;NONE;SingleAisle;Standard;PAX;Landflugzeug;1997;aktiv;Jet;2;Kurz/Mittel;149;33,6;34,3;12,5;https://de.wikipedia.org/wiki/Boeing_737#Boeing_737-700
BOE-C40A;Boeing C-40A Clipper;Boeing;737;-700;C-40A Clipper;Boeing C-40A|Clipper;BOE-737-700;C40A;C40A;NONE;SingleAisle;Special;SPECIAL;Landflugzeug;1999;aktiv;Jet;2;Mittel;0;33,63;34,32;12,55;https://de.wikipedia.org/wiki/Boeing_C-40#C-40A
BOE-737-700-WL;Boeing 737-700 (Winglets);Boeing;737;-700;;;;B737;73G;WL;SingleAisle;Standard;PAX;Landflugzeug;1997;aktiv;Jet;2;Mittel;149;33,6;35,79;12,5;https://de.wikipedia.org/wiki/Boeing_737#Boeing_737-700
BOE-737-800;Boeing 737-800;Boeing;737;-800;; ;;B738;738;NONE;SingleAisle;Standard;PAX;Landflugzeug;1998;aktiv;Jet;2;Kurz/Mittel;189;39,5;34,3;12,5;https://de.wikipedia.org/wiki/Boeing_737#Boeing_737-800
BOE-737-800-WL;Boeing 737-800 (Winglets);Boeing;737;-800;;;;B738;73H;WL;SingleAisle;Standard;PAX;Landflugzeug;1997;aktiv;Jet;2;Mittel;189;39,5;35,79;12,5;https://de.wikipedia.org/wiki/Boeing_737#Boeing_737-800
BOE-737-900;Boeing 737-900;Boeing;737;-900;; ;;B739;739;NONE;SingleAisle;Standard;PAX;Landflugzeug;2000;aktiv;Jet;2;Mittel;220;42,1;34,3;12,5;https://de.wikipedia.org/wiki/Boeing_737#Boeing_737-900
BOE-737-900ER;Boeing 737-900ER;Boeing;737;-900ER;; ;;B739;39E;NONE;SingleAisle;Standard;PAX;Landflugzeug;2007;aktiv;Jet;2;Mittel;220;42,1;35,79;12,5;https://de.wikipedia.org/wiki/Boeing_737#Boeing_737-900
BOE-737-900-WL;Boeing 737-900 (Winglets);Boeing;737;-900;;;;B739;739;WL;SingleAisle;Standard;PAX;Landflugzeug;2000;aktiv;Jet;2;Mittel;220;42,1;35,79;12,5;https://de.wikipedia.org/wiki/Boeing_737#Boeing_737-900
BOE-737-MAX7;Boeing 737 MAX 7;Boeing;737;MAX 7;; ;;B37M;7M7;WL;SingleAisle;Standard;PAX;Landflugzeug;2017;aktiv;Jet;2;Kurz/Mittel;138;35,6;35,9;12,3;https://de.wikipedia.org/wiki/Boeing_737#Boeing_737_Max_7
BOE-737-MAX8;Boeing 737 MAX 8;Boeing;737;MAX 8;; ;;B38M;7M8;WL;SingleAisle;Standard;PAX;Landflugzeug;2017;aktiv;Jet;2;Kurz/Mittel;178;39,5;35,9;12,3;https://de.wikipedia.org/wiki/Boeing_737#Boeing_737_Max_8
BOE-737-MAX9;Boeing 737 MAX 9;Boeing;737;MAX 9;; ;;B39M;7M9;WL;SingleAisle;Standard;PAX;Landflugzeug;2017;aktiv;Jet;2;Mittel;193;42,2;35,9;12,3;https://de.wikipedia.org/wiki/Boeing_737#Boeing_737_Max_9
BOE-737-MAX10;Boeing 737 MAX 10;Boeing;737;MAX 10;; ;;B3XM;7MJ;WL;SingleAisle;Standard;PAX;Landflugzeug;2020;aktiv;Jet;2;Mittel;230;43,8;35,9;12,3;https://de.wikipedia.org/wiki/Boeing_737#Boeing_737_Max_10
BOE-747-100;Boeing 747-100;Boeing;747;-100;; ;;B741;741;NONE;TwinAisle;LongHaul;PAX;Landflugzeug;1969;ausgemustert;Jet;4;Lang;366;70,66;59,64;19,3;https://de.wikipedia.org/wiki/Boeing_747#747-100
BOE-747-SCA;Boeing 747 Shuttle Carrier Aircraft;Boeing;747;SCA;Shuttle Carrier Aircraft;Boeing 747 SCA|Shuttle Carrier Aircraft;BOE-747-100;B741;741;NONE;Widebody;Special;SPECIAL;Landflugzeug;1976;ausgemustert;Jet;4;Lang;0;70,66;59,64;19,3;https://de.wikipedia.org/wiki/Shuttle_Carrier_Aircraft
BOE-747-200;Boeing 747-200;Boeing;747;-200; ;Boeing 747-200|747-200A;;B742;742;NONE;TwinAisle;LongHaul;PAX;Landflugzeug;1971;ausgemustert;Jet;4;Lang;366;70,66;59,64;19,3;https://de.wikipedia.org/wiki/Boeing_747#747-200
BOE-747-200B;Boeing 747-200B;Boeing;747;-200B; ;Boeing 747-200B|747-206B;;B742;742;NONE;TwinAisle;LongHaul;PAX;Landflugzeug;1972;ausgemustert;Jet;4;Lang;366;70,66;59,64;19,3;https://de.wikipedia.org/wiki/Boeing_747#747-200B
BOE-747-200C;Boeing 747-200C;Boeing;747;-200C;Convertible;Boeing 747-200C|747-200M|747-2J9F;BOE-747-200B;B742;742;NONE;TwinAisle;LongHaul;CARGO;Landflugzeug;1973;ausgemustert;Jet;4;Lang;0;70,66;59,64;19,3;https://de.wikipedia.org/wiki/Boeing_747#747-200C
BOE-747-200SUD;Boeing 747-200B SUD;Boeing;747;-200SUD;Stretched Upper Deck;Boeing 747-200B SUD|747-200 Stretched Upper Deck|747-206B SUD|KLM Conversion;BOE-747-200B;B742;742;NONE;TwinAisle;LongHaul;PAX;Landflugzeug;1983;ausgemustert;Jet;4;Lang;412;70,66;59,64;19,3;https://de.wikipedia.org/wiki/Boeing_747#747-200B_SUD
BOE-747-200F;Boeing 747-200F;Boeing;747;-200F; ;Boeing 747-200F|747-2J9F|747-2U3F;BOE-747-200B;B742;742;NONE;TwinAisle;LongHaul;CARGO;Landflugzeug;1972;ausgemustert;Jet;4;Lang;0;70,66;59,64;19,3;https://de.wikipedia.org/wiki/Boeing_747#747-200
BOE-E4B;Boeing E-4B;Boeing;E-4;B;Advanced Airborne Command Post;Boeing E-4A|E-4B|NAOC;BOE-747-200B;E4B;E4B;NONE;TwinAisle;Special;SPECIAL;Landflugzeug;1973;aktiv;Jet;4;Lang;112;70,51;59,64;19,33;https://de.wikipedia.org/wiki/Boeing_E-4
BOE-747-300;Boeing 747-300;Boeing;747;-300;; ;;B743;743;NONE;TwinAisle;LongHaul;PAX;Landflugzeug;1980;ausgemustert;Jet;4;Lang;412;70,66;59,64;19,3;https://de.wikipedia.org/wiki/Boeing_747#747-300
BOE-747-400;Boeing 747-400;Boeing;747;-400;;;;B744;744;WL;TwinAisle;LongHaul;PAX;Landflugzeug;1989;ausgemustert;Jet;4;Lang;416;70,66;64,44;19,41;https://de.wikipedia.org/wiki/Boeing_747#747-400
BOE-YAL1;Boeing YAL-1 Airborne Laser;Boeing;747;YAL-1;YAL-1 Airborne Laser;Boeing YAL-1A|Airborne Laser|747-400F ABL;BOE-747-400;B741;741;NONE;TwinAisle;Special;SPECIAL;Landflugzeug;2002;ausgemustert;Jet;4;Lang;0;70,66;64,44;19,41;https://de.wikipedia.org/wiki/Boeing_YAL-1
BOE-747-400D;Boeing 747-400D Domestic;Boeing;747;-400D;Domestic;;;B744;74D;NONE;TwinAisle;LongHaul;PAX;Landflugzeug;1991;ausgemustert;Jet;4;Kurz/Mittel;568;70,66;59,64;19,3;https://de.wikipedia.org/wiki/Boeing_747#747-400D
BOE-747-400LCF;Boeing 747-400LCF Dreamlifter;Boeing;747;-400LCF;Dreamlifter;;BOE-747-400;BLCF;4LC;WL;TwinAisle;Special;CARGO;Landflugzeug;2006;aktiv;Jet;4;Lang;0;71,68;64,44;21,54;https://de.wikipedia.org/wiki/Boeing_Dreamlifter
BOE-747-8;Boeing 747-8 Intercontinental;Boeing;747;-8;Intercontinental;;;B748;748;RW;VeryLarge;VLA;PAX;Landflugzeug;2011;aktiv;Jet;4;Lang;467;76,3;68,4;19,4;https://de.wikipedia.org/wiki/Boeing_747-8
BOE-747-SP;Boeing 747SP Special Performance;Boeing;747;SP;Special Performance;;;B74S;74S;NONE;TwinAisle;LongHaul;PAX;Landflugzeug;1976;ausgemustert;Jet;4;Lang;276;56,3;59,64;19,3;https://de.wikipedia.org/wiki/Boeing_747SP
BOE-747-SR;Boeing 747SR Short Range;Boeing;747;SR;Short Range;;;B741;741;NONE;TwinAisle;LongHaul;PAX;Landflugzeug;1973;ausgemustert;Jet;4;Kurz/Mittel;498;70,66;59,64;19,3;https://de.wikipedia.org/wiki/Boeing_747#747SR
BOE-747-VC25A;Boeing VC-25A (Air Force One);Boeing;747;VC-25A;VC-25A Air Force One;Boeing 747-200B (Special Air Mission 28000/29000)|VC-25A|Air Force One;BOE-747-200B;VC25;VC25;WL;TwinAisle;LongHaul;SPECIAL;Landflugzeug;1987;aktiv;Jet;4;Lang;70;70,66;64,4;19,3;https://de.wikipedia.org/wiki/Boeing_VC-25
BOE-747-VC25B;Boeing VC-25B (Air Force One, 747-8I);Boeing;747;VC-25B;VC-25B Air Force One;Boeing 747-8I|VC-25B|Air Force One;BOE-747-8;B748;74H;SL;TwinAisle;LongHaul;SPECIAL;Landflugzeug;2024;aktiv;Jet;4;Ultra-lang;70;76,25;68,45;19,36;https://de.wikipedia.org/wiki/Boeing_VC-25
BOE-757-200;Boeing 757-200;Boeing;757;-200;; ;;B752;752;NONE;SingleAisle;Standard;PAX;Landflugzeug;1982;teils aktiv;Jet;2;Mittel;200;47,32;38,05;13,56;https://de.wikipedia.org/wiki/Boeing_757#757-200
BOE-757-200-WL;Boeing 757-200 (Winglets);Boeing;757;-200;;;;B752;752;WL;SingleAisle;Standard;PAX;Landflugzeug;1982;teils aktiv;Jet;2;Mittel;200;47,32;38,05;13,56;https://de.wikipedia.org/wiki/Boeing_757#757-200
BOE-C32A;Boeing C-32A (Air Force Two);Boeing;757;C-32A;C-32A (Air Force Two);Boeing C-32A|USAF C-32A|Air Force Two;BOE-757-200;B752;752;NONE;SingleAisle;Special;SPECIAL;Landflugzeug;1998;aktiv;Jet;2;Lang;45;47,32;38,05;13,56;https://de.wikipedia.org/wiki/Boeing_757#C-32A_(%E2%80%9EAir_Force_Two%E2%80%9C)
BOE-757-300;Boeing 757-300;Boeing;757;-300;; ;;B753;753;NONE;SingleAisle;Standard;PAX;Landflugzeug;1998;teils aktiv;Jet;2;Mittel;243;54,43;38,05;13,56;https://de.wikipedia.org/wiki/Boeing_757#757-300
BOE-757-300-WL;Boeing 757-300 (Winglets);Boeing;757;-300;;;;B753;753;WL;SingleAisle;Standard;PAX;Landflugzeug;1996;teils aktiv;Jet;2;Mittel;243;54,43;41,1;13,56;https://de.wikipedia.org/wiki/Boeing_757#Boeing_757-300
BOE-767-200;Boeing 767-200;Boeing;767;-200;; ;;B762;762;NONE;TwinAisle;LongHaul;PAX;Landflugzeug;1982;ausgemustert;Jet;2;Mittel/Lang;216;48,51;47,57;15,85;https://de.wikipedia.org/wiki/Boeing_767#767-200
BOE-767-AOA;Boeing 767-200 Airborne Optical Adjunct;Boeing;767;-200;Airborne Optical Adjunct;Boeing 767-200 AOA|Airborne Optical Adjunct;BOE-767-200;B762;762;NONE;TwinAisle;Special;SPECIAL;Landflugzeug;1993;aktiv;Jet;2;Lang;0;48,51;47,57;15,85;https://en.wikipedia.org/wiki/Airborne_Optical_Adjunct
BOE-767-200ER;Boeing 767-200ER Extended Range;Boeing;767;-200ER;Extended Range;;;B762;76E;NONE;TwinAisle;LongHaul;PAX;Landflugzeug;1984;teils aktiv;Jet;2;Lang;224;48,51;47,57;15,85;https://de.wikipedia.org/wiki/Boeing_767#767-200ER
BOE-767-200-WL;Boeing 767-200 (Winglets);Boeing;767;-200;;;;B762;762;WL;TwinAisle;LongHaul;PAX;Landflugzeug;1982;ausgemustert;Jet;2;Lang;216;48,51;47,57;15,85;https://de.wikipedia.org/wiki/Boeing_767#767-200
BOE-767-300;Boeing 767-300;Boeing;767;-300;; ;;B763;763;NONE;TwinAisle;LongHaul;PAX;Landflugzeug;1986;aktiv;Jet;2;Lang;269;54,94;47,57;15,85;https://de.wikipedia.org/wiki/Boeing_767#767-300
BOE-767-300ER;Boeing 767-300ER Extended Range;Boeing;767;-300ER;Extended Range;;;B763;76W;NONE;TwinAisle;LongHaul;PAX;Landflugzeug;1988;aktiv;Jet;2;Lang;269;54,94;47,57;15,85;https://de.wikipedia.org/wiki/Boeing_767#767-300ER
BOE-767-300-WL;Boeing 767-300 (Winglets);Boeing;767;-300;;;;B763;763;WL;TwinAisle;LongHaul;PAX;Landflugzeug;1986;aktiv;Jet;2;Lang;269;54,94;52,05;15,85;https://de.wikipedia.org/wiki/Boeing_767#767-300
BOE-767-300ER-WL;Boeing 767-300ER (Winglets);Boeing;767;-300ER;;Boeing 767-300ER Winglets;BOE-767-300ER;B763;76W;WL;TwinAisle;LongHaul;PAX;Landflugzeug;1988;aktiv;Jet;2;Lang;269;54,94;52,05;15,85;https://de.wikipedia.org/wiki/Boeing_767#767-300ER
BOE-767-300BCF-WL;Boeing 767-300BCF (Winglets);Boeing;767;-300BCF;;Boeing 767-300 BCF Winglets;BOE-767-300;B763;76W;WL;TwinAisle;LongHaul;CARGO;Landflugzeug;2008;aktiv;Jet;2;Lang;0;54,94;52,05;15,85;https://de.wikipedia.org/wiki/Boeing_767#Boeing_767-300
BOE-767-400ER;Boeing 767-400ER Extended Range;Boeing;767;-400ER;Extended Range;;;B764;764;RW;TwinAisle;LongHaul;PAX;Landflugzeug;2000;aktiv;Jet;2;Lang;304;61,37;51,92;16,8;https://de.wikipedia.org/wiki/Boeing_767#767-400ER
BOE-777-200;Boeing 777-200;Boeing;777;-200;; ;;B772;772;NONE;TwinAisle;LongHaul;PAX;Landflugzeug;1995;aktiv;Jet;2;Lang;305;63,7;60,9;18,5;https://de.wikipedia.org/wiki/Boeing_777#Boeing_777-200
BOE-777-200ER;Boeing 777-200ER Extended Range;Boeing;777;-200ER;Extended Range;;;B77W;77E;NONE;TwinAisle;LongHaul;PAX;Landflugzeug;1997;aktiv;Jet;2;Lang;314;63,7;60,9;18,5;https://de.wikipedia.org/wiki/Boeing_777#Boeing_777-200ER
BOE-777-F;Boeing 777F;Boeing;777;F;Boeing 777F;Boeing 777F|777-F28|777-F1K|777-2KZF;BOE-777-200LR;B77L;77F;NONE;TwinAisle;LongHaul;CARGO;Landflugzeug;2008;aktiv;Jet;2;Lang;0;63,73;64,8;18,6;https://de.wikipedia.org/wiki/Boeing_777#Boeing_777_Freighter
BOE-777-200LR;Boeing 777-200LR Longer Range;Boeing;777;-200LR;Longer Range;;;B77L;77L;RW;TwinAisle;LongHaul;PAX;Landflugzeug;2006;aktiv;Jet;2;Lang;317;63,7;64,8;18,5;https://de.wikipedia.org/wiki/Boeing_777#Boeing_777-200LR_%E2%80%9EWorldliner%E2%80%9C
BOE-777-300;Boeing 777-300;Boeing;777;-300;; ;;B773;773;NONE;TwinAisle;LongHaul;PAX;Landflugzeug;1998;aktiv;Jet;2;Lang;368;73,9;60,9;18,5;https://de.wikipedia.org/wiki/Boeing_777#Boeing_777-300
BOE-777-300ER;Boeing 777-300ER Extended Range;Boeing;777;-300ER;Extended Range;;;B77W;77W;RW;TwinAisle;LongHaul;PAX;Landflugzeug;2004;aktiv;Jet;2;Lang;386;73,9;64,8;18,5;https://de.wikipedia.org/wiki/Boeing_777#Boeing_777-300ER
BOE-777-8;Boeing 777-8;Boeing;777;-8;; ;;B778;778;RW;TwinAisle;LongHaul;PAX;Landflugzeug;2025;in Entwicklung;Jet;2;Lang;365;69,8;71,8;19,7;https://de.wikipedia.org/wiki/Boeing_777X#777-8
BOE-777-9;Boeing 777-9;Boeing;777;-9;; ;;B779;779;RW;TwinAisle;LongHaul;PAX;Landflugzeug;2025;in Entwicklung;Jet;2;Lang;414;76,7;71,8;19,7;https://de.wikipedia.org/wiki/Boeing_777X#777-9
BOE-787-8;Boeing 787-8 Dreamliner;Boeing;787;-8;Dreamliner;;;B788;788;RW;TwinAisle;LongHaul;PAX;Landflugzeug;2009;aktiv;Jet;2;Lang;248;56,7;60,1;17;https://de.wikipedia.org/wiki/Boeing_787#787-8
BOE-787-9;Boeing 787-9 Dreamliner;Boeing;787;-9;Dreamliner;;;B789;789;RW;TwinAisle;LongHaul;PAX;Landflugzeug;2013;aktiv;Jet;2;Lang;296;62,8;60,1;17;https://de.wikipedia.org/wiki/Boeing_787#787-9
BOE-787-10;Boeing 787-10 Dreamliner;Boeing;787;-10;Dreamliner;;;B78X;78J;RW;TwinAisle;LongHaul;PAX;Landflugzeug;2017;aktiv;Jet;2;Lang;330;68,3;60,1;17;https://de.wikipedia.org/wiki/Boeing_787#787-10
BOM-CRJ100;Bombardier CRJ-100;Bombardier;CRJ-100;;;;;CRJ1;CR1;NONE;SingleAisle;Regional;PAX;Landflugzeug;1991;ausgemustert;Jet;2;Kurz;50;26,77;21,21;6,22;https://de.wikipedia.org/wiki/Bombardier_CRJ#CRJ100
BOM-CRJ200;Bombardier CRJ-200;Bombardier;CRJ-200;;;;;CRJ2;CR2;NONE;SingleAisle;Regional;PAX;Landflugzeug;1991;teils aktiv;Jet;2;Kurz;50;26,77;21,21;6,22;https://de.wikipedia.org/wiki/Bombardier_CRJ#CRJ200
BOM-CRJ700;Bombardier CRJ-700;Bombardier;CRJ-700;;;;;CRJ7;CR7;WL;SingleAisle;Regional;PAX;Landflugzeug;1999;aktiv;Jet;2;Mittel;70;32,51;23,24;7,57;https://de.wikipedia.org/wiki/Bombardier_CRJ#CRJ700
BOM-CRJ900;Bombardier CRJ-900;Bombardier;CRJ-900;;;;;CRJ9;CR9;WL;SingleAisle;Regional;PAX;Landflugzeug;2001;aktiv;Jet;2;Mittel;90;36,4;24,85;7,57;https://de.wikipedia.org/wiki/Bombardier_CRJ#CRJ900
BOM-CRJ1000;Bombardier CRJ-1000;Bombardier;CRJ-1000;;;;;CRJX;CRK;WL;SingleAisle;Regional;PAX;Landflugzeug;2009;aktiv;Jet;2;Mittel;100;39,1;28,7;7,13;https://de.wikipedia.org/wiki/Bombardier_CRJ#CRJ1000
BRI-Britannia-310;Bristol Britannia 310;Bristol;Britannia;310;;;;BRIT;BR3;NONE;SingleAisle;LongHaul;PAX;Landflugzeug;1952;ausgemustert;Turboprop;4;Lang;139;37,87;43,36;11,43;https://de.wikipedia.org/wiki/Bristol_Britannia#Britannia_Series_310
BRI-Britannia-312;Bristol Britannia 312;Bristol;Britannia;312;;;;BRIT;BR3;NONE;SingleAisle;LongHaul;PAX;Landflugzeug;1956;ausgemustert;Turboprop;4;Lang;99;37,87;43,36;11,43;https://de.wikipedia.org/wiki/Bristol_Britannia#Britannia_Series_312
BRN-BN2;Britten-Norman BN-2;Britten-Norman;BN-2;;;;;BN2P;BNI;NONE;SingleAisle;Regional;PAX;Landflugzeug;1965;aktiv;Propeller;2;Kurz;9;10,9;14,94;4,17;https://de.wikipedia.org/wiki/Britten-Norman_Islander
BRN-BN2A;Britten-Norman BN-2A;Britten-Norman;BN-2A;;;;;TRIS;BN3;NONE;SingleAisle;Regional;PAX;Landflugzeug;1970;ausgemustert;Propeller;3;Kurz;9;10,9;14,94;4,17;https://de.wikipedia.org/wiki/Britten-Norman_Islander
BUR-OK1K1;Buran Space Orbiter OK-1K1;NPO Molnija;Buran;OK-1K1;Buran;Buran Space Shuttle|OK-1K1|Буран;;BUR;BRN;NONE;Special;Special;SPECIAL;Sonstige;1988;ausgemustert;Raketenantrieb;0;Ultra-lang;0;36,37;23,92;16,35;https://de.wikipedia.org/wiki/Buran_(Raumf%C3%A4hre)
CAA-C295-Pax;CASA/Airbus C-295 Pax;CASA/Airbus;C-295;Pax;;;;C295;295;NONE;SingleAisle;Regional;PAX;Landflugzeug;1997;teils aktiv;Turboprop;2;Kurz/Mittel;71;24,5;25,81;8,6;https://de.wikipedia.org/wiki/CASA/IPTN_CN-235#C-295
CAN-C4;Canadair North Star C-4;Canadair;North Star;C-4;;DC-4M, Argonaut;;NSTR;NS4;NONE;SingleAisle;LongHaul;PAX;Landflugzeug;1946;ausgemustert;Propeller;4;Lang;62;28,96;43,05;7,57;https://de.wikipedia.org/wiki/Canadair_North_Star
CAN-CL44;Canadair CL-44;Canadair;CL-44;;;;BRI-Britannia-312;CL44;CL4;NONE;SingleAisle;LongHaul;CARGO;Landflugzeug;1959;ausgemustert;Turboprop;4;Lang;0;36,6;42,54;11,1;https://de.wikipedia.org/wiki/Canadair_CL-44
CAS-C212;CASA C-212;CASA;C-212;;;;;C212;C21;NONE;SingleAisle;Regional;PAX;Landflugzeug;1971;teils aktiv;Turboprop;2;Kurz;26;16,47;20,28;6,1;https://de.wikipedia.org/wiki/CASA_C-212_Aviocar
CAS-CN235;CASA CN-235;CASA;CN-235;;;;;CN23;CN2;NONE;SingleAisle;Regional;PAX;Landflugzeug;1983;teils aktiv;Turboprop;2;Kurz/Mittel;51;21,4;25,81;8,18;https://de.wikipedia.org/wiki/CASA/IPTN_CN-235
CES-208;Cessna 208;Cessna;208;;;;;C208;CN1;NONE;SingleAisle;Regional;PAX;Landflugzeug;1982;aktiv;Turboprop;1;Kurz;9;11,28;15,88;4,32;https://de.wikipedia.org/wiki/Cessna_208
CES-402;Cessna 402;Cessna;402;;;;;C402;C42;NONE;SingleAisle;Regional;PAX;Landflugzeug;1966;teils aktiv;Propeller;2;Kurz;10;10,97;11;3,46;https://de.wikipedia.org/wiki/Cessna_402
CES-404;Martin 4-0-4;Martin;4-0-4;;;;;M404;404;NONE;SingleAisle;Regional;PAX;Landflugzeug;1950;ausgemustert;Propeller;2;Kurz/Mittel;40;20,5;28,5;6,1;https://en.wikipedia.org/wiki/Sud-Ouest_Aviation_Bloch_404
CES-441;Cessna 441;Cessna;441;;;;;C441;C41;NONE;SingleAisle;Regional;PAX;Landflugzeug;1974;teils aktiv;Turboprop;2;Kurz/Mittel;10;11,78;15,86;3,76;https://de.wikipedia.org/wiki/Cessna_441
COM-ARJ21-700;Comac ARJ21-700 ARJ21;Comac;ARJ21;-700;ARJ21;;;ARJ7;AR7;NONE;SingleAisle;Regional;PAX;Landflugzeug;2008;aktiv;Jet;2;Mittel;90;33,4;27,3;8,44;https://de.wikipedia.org/wiki/Comac_ARJ21
COM-C919;Comac C919;Comac;C919;;;;;C919;919;SL;SingleAisle;Standard;PAX;Landflugzeug;2017;Prototyp/aktiv;Jet;2;Mittel;158;38,9;35,8;11,95;https://de.wikipedia.org/wiki/Comac_C919
CON-CV240;Convair CV-240;Convair;CV-240;;;;;CVLP;CV2;NONE;SingleAisle;Standard;PAX;Landflugzeug;1947;ausgemustert;Propeller;2;Kurz;40;22,66;28,96;7;https://de.wikipedia.org/wiki/Convair_CV-240
CON-CV340;Convair CV-340;Convair;CV-340;;;;;CVLP;CV3;NONE;SingleAisle;Standard;PAX;Landflugzeug;1951;ausgemustert;Propeller;2;Kurz;44;24,85;32;8,25;https://de.wikipedia.org/wiki/Convair_CV-340
CON-CV440;Convair CV-440;Convair;CV-440;;;;;CVLP;CV4;NONE;SingleAisle;Standard;PAX;Landflugzeug;1955;ausgemustert;Propeller;2;Kurz;52;24,85;32;8,25;https://de.wikipedia.org/wiki/Convair_CV-440
CON-CV580;Convair CV-580;Convair;CV-580;;;;;CVTP;CV5;NONE;SingleAisle;Standard;PAX;Landflugzeug;1965;ausgemustert;Turboprop;2;Kurz/Mittel;50;24,85;32;8,25;https://de.wikipedia.org/wiki/Convair_CV-580
CON-CV600;Convair CV-600;Convair;CV-600;;;;;CVTP;CV6;NONE;SingleAisle;Standard;PAX;Landflugzeug;1965;ausgemustert;Turboprop;2;Kurz/Mittel;50;24,85;32;8,25;https://de.wikipedia.org/wiki/Convair_CV-600
CON-CV640;Convair CV-640;Convair;CV-640;;;;;CVTP;CV6;NONE;SingleAisle;Standard;PAX;Landflugzeug;1965;ausgemustert;Turboprop;2;Kurz/Mittel;52;24,85;32;8,25;https://de.wikipedia.org/wiki/Convair_CV-640
CON-CV880;Convair CV-880 Golden Arrow;Convair;CV-880;;CV-880 Golden Arrow;Convair CV-880|Golden Arrow;;CVLT;CV8;NONE;SingleAisle;Standard;PAX;Landflugzeug;1959;ausgemustert;Jet;4;Mittel;110;39,42;35,8;11;https://de.wikipedia.org/wiki/Convair_CV-880
CON-CV990;Convair CV-990 Coronado;Convair;CV-990;;CV-990 Coronado;Convair CV-990|Coronado;;CV99;990;NONE;SingleAisle;Standard;PAX;Landflugzeug;1961;ausgemustert;Jet;4;Lang;96;42,36;36,58;11,68;https://de.wikipedia.org/wiki/Convair_CV-990
CSA-PBY5;Consolidated PBY-5 Catalina;Consolidated;PBY;5;PBY-5 Catalina;Consolidated PBY-5|Catalina|OA-10A;;PBY5;PB5;NONE;Special;Special;SPECIAL;Amphibie;1936;ausgemustert;Propeller;2;Lang;10;19,46;31,7;6,15;https://de.wikipedia.org/wiki/Consolidated_PBY
CUR-C46;Curtiss-Wright C-46 Commando;Curtiss-Wright;C-46;;Commando;Curtiss C-46|C-46A|C-46D;;C46;C46;NONE;TwinAisle;Standard;PAX;Landflugzeug;1940;ausgemustert;Kolbenmotor;2;Mittel;50;23,27;32,92;6,29;https://de.wikipedia.org/wiki/Curtiss_C-46
DAS-Mercure-100;Dassault Mercure 100;Dassault;Mercure;100;;;;MERC;MER;NONE;SingleAisle;Standard;PAX;Landflugzeug;1971;ausgemustert;Jet;2;Mittel;150;34,84;30,55;11,44;https://de.wikipedia.org/wiki/Dassault_Mercure
DHC-DHC3;de Havilland Canada DHC-3 Otter;de Havilland Canada;DHC-3;;Otter;;;DHC3;D03;NONE;SingleAisle;Regional;PAX;Amphibienflugzeug;1951;ausgemustert;Propeller;1;Kurz;11;12,65;16,65;3,02;https://de.wikipedia.org/wiki/De_Havilland_Canada_DHC-3
DHC-DHC6;de Havilland Canada DHC-6 Twin Otter;de Havilland Canada;DHC-6;;Twin Otter;;;DHC6;DHT;NONE;SingleAisle;Regional;PAX;Amphibienflugzeug;1965;aktiv;Turboprop;2;Kurz;19;15,77;19,8;5,94;https://de.wikipedia.org/wiki/De_Havilland_Canada_DHC-6
DHC-DHC7;de Havilland Canada DHC-7 Dash 7;de Havilland Canada;DHC-7;;Dash 7;;;DH7;DHC;NONE;SingleAisle;Regional;PAX;Landflugzeug;1975;ausgemustert;Turboprop;4;Kurz;50;24,58;28,35;8,36;https://de.wikipedia.org/wiki/De_Havilland_Canada_DHC-7
DHC-DHC8-100;de Havilland Canada DHC-8-100 Dash 8-100;de Havilland Canada;DHC-8;-100;Dash 8-100;;;DH8A;DH1;NONE;SingleAisle;Regional;PAX;Landflugzeug;1983;teils aktiv;Turboprop;2;Kurz;39;22,25;25,91;7,49;https://de.wikipedia.org/wiki/De_Havilland_Canada_DHC-8#DHC-8-100
DHC-DHC8-200;de Havilland Canada DHC-8-200 Dash 8-200;de Havilland Canada;DHC-8;-200;Dash 8-200;;;DH8B;DH2;NONE;SingleAisle;Regional;PAX;Landflugzeug;1995;teils aktiv;Turboprop;2;Kurz;39;22,25;25,91;7,49;https://de.wikipedia.org/wiki/De_Havilland_Canada_DHC-8#DHC-8-200
DHC-DHC8-300;de Havilland Canada DHC-8-300 Dash 8-300;de Havilland Canada;DHC-8;-300;Dash 8-300;;;DH8C;DH3;NONE;SingleAisle;Regional;PAX;Landflugzeug;1989;teils aktiv;Turboprop;2;Kurz/Mittel;56;25,68;27,4;7,49;https://de.wikipedia.org/wiki/De_Havilland_Canada_DHC-8#DHC-8-300
DHC-DHC8-400;de Havilland Canada DHC-8-400 Dash 8-400 (Q400);de Havilland Canada;DHC-8;-400;Dash 8-400 (Q400);;;DH8D;DH4;NONE;SingleAisle;Regional;PAX;Landflugzeug;1999;aktiv;Turboprop;2;Kurz/Mittel;78;32,8;28,4;8,3;https://de.wikipedia.org/wiki/De_Havilland_Canada_DHC-8#DHC-8-400
DHV-DH106-1;de Havilland DH.106 Comet 1;de Havilland;DH.106;1;Comet 1;de Havilland Comet 1|DH.106 Comet 1;;DH10;D10;NONE;SingleAisle;LongHaul;PAX;Landflugzeug;1949;ausgemustert;Jet;4;Lang;44;28,6;35,05;8;https://de.wikipedia.org/wiki/De_Havilland_Comet#Comet_1
DHV-DH106-4;de Havilland DH.106 Comet 4;de Havilland;DH.106;4;Comet 4;de Havilland Comet 4|DH.106 Comet 4;;DH10;D10;NONE;SingleAisle;LongHaul;PAX;Landflugzeug;1958;ausgemustert;Jet;4;Lang;81;34,98;35,05;8;https://de.wikipedia.org/wiki/De_Havilland_Comet#Comet_4
DHV-DH91;de Havilland DH.91 Albatross;de Havilland;DH.91;;Albatross;DH91;;DH91;DH9;NONE;SingleAisle;LongHaul;PAX;Landflugzeug;1937;ausgemustert;Kolbenmotor;4;Lang;22;23,24;32,92;6,17;https://de.wikipedia.org/wiki/De_Havilland_DH.91
DHV-DH95;de Havilland DH.95 Flamingo;de Havilland;DH.95;;Flamingo;DH95;;DH95;DH5;NONE;SingleAisle;ShortHaul;PAX;Landflugzeug;1938;ausgemustert;Kolbenmotor;2;Kurz;17;15,24;20,73;5,16;https://de.wikipedia.org/wiki/De_Havilland_DH.95
DOR-Do228;Dornier Do 228;Dornier;Do 228;;;;;D228;D28;NONE;SingleAisle;Regional;PAX;Landflugzeug;1981;teils aktiv;Turboprop;2;Kurz;19;16,56;16,97;4,86;https://de.wikipedia.org/wiki/Dornier_Do_228
DOR-Do328-100;Dornier Do 328-100;Dornier;Do 328;-100;;;;D328;D38;NONE;SingleAisle;Regional;PAX;Landflugzeug;1991;teils aktiv;Turboprop;2;Kurz/Mittel;33;21,23;21;7,23;https://de.wikipedia.org/wiki/Dornier_328
DOR-Do328-300;Dornier Do 328-300;Dornier;Do 328;-300;;;;J328;D3J;NONE;SingleAisle;Regional;PAX;Landflugzeug;1997;ausgemustert;Jet;2;Kurz/Mittel;33;21,23;20,98;7,24;https://de.wikipedia.org/wiki/Fairchild-Dornier_328JET
DOR-DOX;Dornier Do X;Dornier;Do X;;Do X;;;DOX;DOX;NONE;Special;Standard;PAX;Wasserflugzeug;1929;ausgemustert;Kolbenmotor;12;Kurz/Mittel;100;40,05;48;10,2;https://de.wikipedia.org/wiki/Dornier_Do_X
DOU-DC2;Douglas DC-2;Douglas;DC-2;;;;;DC2;DC2;NONE;SingleAisle;Standard;PAX;Landflugzeug;1934;ausgemustert;Propeller;2;Kurz;14;18,2;25,9;4,5;https://de.wikipedia.org/wiki/Douglas_DC-2
DOU-DC3;Douglas DC-3;Douglas;DC-3;;;C-47, Dakota;;DC3;DC3;NONE;SingleAisle;Standard;PAX;Landflugzeug;1935;ausgemustert;Propeller;2;Kurz;21;19,7;28,96;5,16;https://de.wikipedia.org/wiki/Douglas_DC-3
DOU-C47;Douglas C-47 Skytrain;Douglas;DC-3;C-47;C-47 Skytrain;Douglas C-47|Dakota|C-47A|C-47B;DOU-DC3;C47;C47;NONE;SingleAisle;Special;CARGO;Landflugzeug;1941;ausgemustert;Propeller;2;Mittel;28;19,6;28,96;5,16;https://de.wikipedia.org/wiki/Douglas_DC-3#Douglas_C-47_Skytrain
DOU-DC4;Douglas DC-4;Douglas;DC-4;;;C-54 Skymaster;;DC4;D44;NONE;SingleAisle;LongHaul;PAX;Landflugzeug;1942;ausgemustert;Propeller;4;Lang;80;28,6;42,05;8,38;https://de.wikipedia.org/wiki/Douglas_DC-4
DOU-DC5;Douglas DC-5;Douglas;DC-5;;;;;DC05;D05;NONE;SingleAisle;Standard;PAX;Landflugzeug;1939;ausgemustert;Propeller;2;Kurz/Mittel;16;16,05;23,8;4,83;https://de.wikipedia.org/wiki/Douglas_DC-5
DOU-DC6;Douglas DC-6;Douglas;DC-6;;;VC-118, C-118 Liftmaster;;DC6;D60;NONE;SingleAisle;LongHaul;PAX;Landflugzeug;1946;ausgemustert;Propeller;4;Lang;102;32,2;35,8;8,66;https://de.wikipedia.org/wiki/Douglas_DC-6
DOU-DC6-A;Douglas DC-6A;Douglas;DC-6;A;;C-118A;;DC6;D6A;NONE;SingleAisle;LongHaul;PAX;Landflugzeug;1949;ausgemustert;Propeller;4;Lang;102;32,2;35,8;8,66;https://de.wikipedia.org/wiki/Douglas_DC-6
DOU-DC6-B;Douglas DC-6B;Douglas;DC-6;B;; ;;DC6;D6B;NONE;SingleAisle;LongHaul;PAX;Landflugzeug;1951;ausgemustert;Propeller;4;Lang;102;32,2;35,8;8,66;https://de.wikipedia.org/wiki/Douglas_DC-6
DOU-VC118A;Douglas VC-118A (Independence, Air Force One);Douglas;DC-6;VC-118A;VC-118A Independence;Douglas VC-118A|VC118A|Air Force One|Independence;DOU-DC6;DC6;DC6;NONE;TwinAisle;Special;SPECIAL;Landflugzeug;1947;Museumsflugzeug;Kolbenmotor;4;Mittel;24;30,18;35,81;8,9;https://de.wikipedia.org/wiki/Douglas_VC-118_Independence
DOU-DC7;Douglas DC-7;Douglas;DC-7;;; ;;DC7;D70;NONE;SingleAisle;LongHaul;PAX;Landflugzeug;1953;ausgemustert;Propeller;4;Lang;105;32,2;38,8;9,6;https://de.wikipedia.org/wiki/Douglas_DC-7
DOU-DC7-B;Douglas DC-7B;Douglas;DC-7;B;; ;;DC7;D7B;NONE;SingleAisle;LongHaul;PAX;Landflugzeug;1955;ausgemustert;Propeller;4;Lang;105;33,6;38,8;9,6;https://de.wikipedia.org/wiki/Douglas_DC-7
DOU-DC7-C;Douglas DC-7C Seven Seas;Douglas;DC-7;C;Seven Seas;Douglas DC-7C|Super-7 Clipper|Seven Seas;;DC7;D7C;NONE;SingleAisle;LongHaul;PAX;Landflugzeug;1956;ausgemustert;Propeller;4;Lang;105;34,9;38,8;9,6;https://de.wikipedia.org/wiki/Douglas_DC-7
DOU-DC8-10;Douglas DC-8-10 Series 10;Douglas;DC-8;-10;Series 10;;;DC81;D10;NONE;SingleAisle;LongHaul;PAX;Landflugzeug;1958;ausgemustert;Jet;4;Lang;177;45,9;43,4;12,9;https://de.wikipedia.org/wiki/Douglas_DC-8#Fr%C3%BChe_Serien
DOU-DC8-20;Douglas DC-8-20 Series 20;Douglas;DC-8;-20;Series 20;;;DC82;D20;NONE;SingleAisle;LongHaul;PAX;Landflugzeug;1959;ausgemustert;Jet;4;Lang;177;45,9;43,4;12,9;https://de.wikipedia.org/wiki/Douglas_DC-8#Fr%C3%BChe_Serien
DOU-DC8-30;Douglas DC-8-30 Series 30;Douglas;DC-8;-30;Series 30;;;DC83;D30;NONE;SingleAisle;LongHaul;PAX;Landflugzeug;1960;ausgemustert;Jet;4;Lang;177;45,9;45;12,9;https://de.wikipedia.org/wiki/Douglas_DC-8#Fr%C3%BChe_Serien
DOU-DC8-40;Douglas DC-8-40 Series 40;Douglas;DC-8;-40;Series 40;;;DC84;D40;NONE;SingleAisle;LongHaul;PAX;Landflugzeug;1960;ausgemustert;Jet;4;Lang;177;45,9;45;12,9;https://de.wikipedia.org/wiki/Douglas_DC-8#Fr%C3%BChe_Serien
DOU-DC8-50;Douglas DC-8-50 Series 50;Douglas;DC-8;-50;Series 50;;;DC85;D50;NONE;SingleAisle;LongHaul;PAX;Landflugzeug;1961;ausgemustert;Jet;4;Lang;259;45,9;45;12,9;https://de.wikipedia.org/wiki/Douglas_DC-8#Fr%C3%BChe_Serien
DOU-DC8-61;Douglas DC-8-61 Super 61;Douglas;DC-8;-61;Super 61;;;DC86;D61;NONE;SingleAisle;LongHaul;PAX;Landflugzeug;1966;ausgemustert;Jet;4;Lang;259;57;45;12,9;https://de.wikipedia.org/wiki/Douglas_DC-8#Super_Sixties
DOU-DC8-62;Douglas DC-8-62 Super 62;Douglas;DC-8;-62;Super 62;;;DC86;D62;NONE;SingleAisle;LongHaul;PAX;Landflugzeug;1967;ausgemustert;Jet;4;Lang;259;48;48;12,9;https://de.wikipedia.org/wiki/Douglas_DC-8#Super_Sixties
DOU-DC8-63;Douglas DC-8-63 Super 63;Douglas;DC-8;-63;Super 63;;;DC86;D63;NONE;SingleAisle;LongHaul;PAX;Landflugzeug;1967;ausgemustert;Jet;4;Lang;259;57;45;12,9;https://de.wikipedia.org/wiki/Douglas_DC-8#Super_Sixties
DOU-DC8-71;Douglas DC-8-71 Super 71;Douglas;DC-8;-71;Super 71;;;DC87;D71;NONE;SingleAisle;LongHaul;PAX;Landflugzeug;1982;teils aktiv;Jet;4;Lang;259;57;45;12,9;https://de.wikipedia.org/wiki/Douglas_DC-8#Super_Seventies
DOU-DC8-72;Douglas DC-8-72 Super 72;Douglas;DC-8;-72;Super 72;;;DC87;D72;NONE;SingleAisle;LongHaul;PAX;Landflugzeug;1982;teils aktiv;Jet;4;Lang;259;48;48;12,9;https://de.wikipedia.org/wiki/Douglas_DC-8#Super_Seventies
DOU-DC8-73;Douglas DC-8-73 Super 73;Douglas;DC-8;-73;Super 73;;;DC87;D73;NONE;SingleAisle;LongHaul;PAX;Landflugzeug;1982;teils aktiv;Jet;4;Lang;259;57;45;12,9;https://de.wikipedia.org/wiki/Douglas_DC-8#Super_Seventies
EMB-EMB110;Embraer EMB-110 Bandeirante;Embraer;EMB-110;;Bandeirante;;;E110;EMB;NONE;SingleAisle;Regional;PAX;Landflugzeug;1968;ausgemustert;Turboprop;2;Kurz;21;15,1;15,6;4,9;https://de.wikipedia.org/wiki/Embraer_EMB_110
EMB-EMB120;Embraer EMB-120 Brasilia;Embraer;EMB-120;;Brasilia;;EMB-EMB110;E120;EM2;NONE;SingleAisle;Regional;PAX;Landflugzeug;1983;teils aktiv;Turboprop;2;Kurz/Mittel;30;20;19,8;6,3;https://de.wikipedia.org/wiki/Embraer_EMB_120
EMB-EMB121;Embraer EMB-121 Xingu;Embraer;EMB-121;;Xingu;;;E121;E12;NONE;SingleAisle;Regional;PAX;Landflugzeug;1976;aktiv;Turboprop;2;Kurz;8;11,27;12;3,8;https://de.wikipedia.org/wiki/Embraer_EMB_121
EMB-ERJ135;Embraer ERJ-135;Embraer;ERJ-135;;;;;E135;ER3;NONE;SingleAisle;Regional;PAX;Landflugzeug;1995;teils aktiv;Jet;2;Kurz;37;26,33;20,04;6,75;https://de.wikipedia.org/wiki/Embraer-ERJ-Familie#ERJ_135
EMB-ERJ140;Embraer ERJ-140;Embraer;ERJ-140;;;;EMB-ERJ135;E135;ER4;NONE;SingleAisle;Regional;PAX;Landflugzeug;1997;teils aktiv;Jet;2;Kurz;44;28,45;20,04;6,75;https://de.wikipedia.org/wiki/Embraer-ERJ-Familie#ERJ_140
EMB-ERJ145;Embraer ERJ-145;Embraer;ERJ-145;;;;EMB-ERJ140;E145;ERJ;NONE;SingleAisle;Regional;PAX;Landflugzeug;1995;teils aktiv;Jet;2;Kurz/Mittel;50;29,87;20,04;6,75;https://de.wikipedia.org/wiki/Embraer-ERJ-Familie#ERJ_145
EMB-E170;Embraer E170;Embraer;E170;;E170;ERJ 170-100|E170STD;;E70;E70;NONE;SingleAisle;Regional;PAX;Landflugzeug;2002;ausgemustert;Jet;2;Kurz/Mittel;72;29,9;26;9,73;https://de.wikipedia.org/wiki/Embraer_E-Jets#ERJ_170
EMB-E170-WL;Embraer E170 (Winglets);Embraer;E170;;E170LR;ERJ 170-100LR|E170LR;EMB-E170;E70L;E70;WL;SingleAisle;Regional;PAX;Landflugzeug;2004;aktiv;Jet;2;Kurz/Mittel;72;29,9;26;9,73;https://de.wikipedia.org/wiki/Embraer_E-Jets#ERJ_170
EMB-E175;Embraer E175;Embraer;E175;;E175;ERJ 170-200|E175LR|E175LL;EMB-E170;E75L;E75;WL;SingleAisle;Regional;PAX;Landflugzeug;2003;aktiv;Jet;2;Kurz/Mittel;76;31,68;26;9,73;https://de.wikipedia.org/wiki/Embraer_E-Jets#ERJ_175
EMB-E175E2;Embraer E175-E2;Embraer;E175-E2;;;;EMB-E175;E75S;E7X;WL;SingleAisle;Regional;PAX;Landflugzeug;2019;aktiv;Jet;2;Kurz/Mittel;88;32,4;30;10,9;https://de.wikipedia.org/wiki/Embraer_E-Jet_E2#E175-E2
EMB-E190;Embraer E190;Embraer;E190;;;;;E190;E90;NONE;SingleAisle;Standard;PAX;Landflugzeug;2004;aktiv;Jet;2;Mittel;100;36,24;28,72;10,55;https://de.wikipedia.org/wiki/Embraer_E-Jets#ERJ_190
EMB-E190E2;Embraer E190-E2;Embraer;E190-E2;;;;EMB-E190;E290;E9X;WL;SingleAisle;Standard;PAX;Landflugzeug;2018;aktiv;Jet;2;Kurz/Mittel;114;36,24;33,7;11;https://de.wikipedia.org/wiki/Embraer_E-Jet_E2#E190-E2
EMB-E195;Embraer E195;Embraer;E195;;E195;ERJ 190-200|E195LR|E195AR;EMB-E190;E190;E95;WL;SingleAisle;Regional;PAX;Landflugzeug;2004;aktiv;Jet;2;Mittel;108;38,65;28,72;10,55;https://de.wikipedia.org/wiki/Embraer_E-Jets#ERJ_195
EMB-E195E2;Embraer E195-E2;Embraer;E195-E2;;;;EMB-E195;E295;E95;WL;SingleAisle;Standard;PAX;Landflugzeug;2018;aktiv;Jet;2;Kurz/Mittel;146;41,5;35,1;11,5;https://de.wikipedia.org/wiki/Embraer_E-Jet_E2#E195-E2
FAI-SA226;Fairchild Swearingen Metro;Fairchild Swearingen;SA226;;Metro;Metroliner|Swearingen SA226|Fairchild Metro;;SWM;MET;NONE;SingleAisle;Regional;PAX;Landflugzeug;1969;teils aktiv;Turboprop;2;Kurz;19;18,08;14,2;4,7;https://de.wikipedia.org/wiki/Fairchild_Swearingen_Metro
FOK-F;Fokker F;Fokker;F;;;;;F7;F07;NONE;SingleAisle;Standard;PAX;Landflugzeug;1924;ausgemustert;Propeller;3;Kurz;8;12,5;14,7;3,2;https://de.wikipedia.org/wiki/Fokker_F.II
FOK-F100;Fokker F100;Fokker;F100;;;;;F100;100;NONE;SingleAisle;Standard;PAX;Landflugzeug;1986;ausgemustert;Jet;2;Kurz/Mittel;109;35,53;28,08;8,5;https://de.wikipedia.org/wiki/Fokker_100
FOK-F27;Fokker F27;Fokker;F27;;;;;F27;F27;NONE;SingleAisle;Regional;PAX;Landflugzeug;1955;ausgemustert;Turboprop;2;Kurz;44;23,5;29;8;https://de.wikipedia.org/wiki/Fokker_F27
FOK-F28;Fokker F28;Fokker;F28;;;;;F28;F28;NONE;SingleAisle;Standard;PAX;Landflugzeug;1967;ausgemustert;Jet;2;Kurz/Mittel;65;27,4;25;8,5;https://de.wikipedia.org/wiki/Fokker_F28
FOK-F50;Fokker F50;Fokker;F50;;;;;F50;F50;NONE;SingleAisle;Regional;PAX;Landflugzeug;1985;ausgemustert;Turboprop;2;Kurz;50;25,25;29;7,9;https://de.wikipedia.org/wiki/Fokker_50
FOK-F70;Fokker F70;Fokker;F70;;;;;F70;F70;NONE;SingleAisle;Standard;PAX;Landflugzeug;1993;ausgemustert;Jet;2;Kurz/Mittel;80;30,9;28;8,5;https://de.wikipedia.org/wiki/Fokker_70
FOR-Trimotor-4AT;Ford Trimotor 4-AT;Ford;Trimotor;4-AT;;;;FTM4;FT4;NONE;SingleAisle;Standard;PAX;Landflugzeug;1926;ausgemustert;Propeller;3;Kurz/Mittel;10;15,2;22,5;3,7;https://de.wikipedia.org/wiki/Ford_Trimotor#4-AT
FOR-Trimotor-5AT;Ford Trimotor 5-AT;Ford;Trimotor;5-AT;;;;FTM5;FT5;NONE;SingleAisle;Standard;PAX;Landflugzeug;1929;ausgemustert;Propeller;3;Kurz/Mittel;13;16,1;23,7;3,8;https://de.wikipedia.org/wiki/Ford_Trimotor#5-AT
FOW-FW200;Focke-Wulf Fw 200 Condor;Focke-Wulf;Fw 200;;Condor;Fw200C|Fw200S|Condor;;FW20;FW2;NONE;SingleAisle;LongHaul;PAX;Landflugzeug;1937;ausgemustert;Kolbenmotor;4;Lang;26;23,45;32,85;6,3;https://de.wikipedia.org/wiki/Focke-Wulf_Fw_200
HAR-Y11;Harbin Y-11;Harbin;Y-11;;;;;Y11;Y11;NONE;SingleAisle;Regional;PAX;Landflugzeug;1975;teils aktiv;Propeller;2;Kurz;9;12;16;4,2;https://en.wikipedia.org/wiki/Harbin_Y-11
HAR-Y12;Harbin Y-12;Harbin;Y-12;;;;;Y12;Y12;NONE;SingleAisle;Regional;PAX;Landflugzeug;1982;aktiv;Turboprop;2;Kurz;17;14,86;19,2;5,6;https://de.wikipedia.org/wiki/Harbin_Y-12
HAW-HS748;Hawker Siddeley HS 748;Hawker Siddeley;HS 748;;;;;A748;H74;NONE;SingleAisle;Regional;PAX;Landflugzeug;1960;ausgemustert;Turboprop;2;Kurz;48;20,42;30,18;7,57;https://de.wikipedia.org/wiki/Hawker-Siddeley_HS_748
HAW-Trident-1;Hawker Siddeley Trident 1;Hawker Siddeley;Trident;1;;;;HSTR;HST;NONE;SingleAisle;Standard;PAX;Landflugzeug;1962;ausgemustert;Jet;3;Mittel;101;32;27;8,6;https://de.wikipedia.org/wiki/Hawker-Siddeley_Trident#Trident_1
HAW-Trident-2;Hawker Siddeley Trident 2;Hawker Siddeley;Trident;2;;;;HSTR;HS2;NONE;SingleAisle;Standard;PAX;Landflugzeug;1964;ausgemustert;Jet;3;Mittel;115;37,6;27;8,6;https://de.wikipedia.org/wiki/Hawker-Siddeley_Trident#Trident_2
HAW-Trident-3;Hawker Siddeley Trident 3;Hawker Siddeley;Trident;3;;;;HSTR;HS3;NONE;SingleAisle;Standard;PAX;Landflugzeug;1966;ausgemustert;Jet;3;Mittel;180;40;28,5;9,1;https://de.wikipedia.org/wiki/Hawker-Siddeley_Trident#Trident_3
HPR-HP81;Handley Page H.P.81 Hermes IV;Handley Page;H.P.81;IV;Hermes IV;H.P.81 Hermes|Hermes 4|Hermes IV;;HP81;HP8;NONE;SingleAisle;Standard;PAX;Landflugzeug;1945;ausgemustert;Kolbenmotor;4;Mittel;60;26,82;35,05;7,47;https://de.wikipedia.org/wiki/Handley_Page_Hermes
HPR-HPR7;Handley Page HPR.7 Herald;Handley Page;HPR.7;;Herald;HPR.7 Herald|Handley Page Herald;;HPR7;HP7;NONE;SingleAisle;Regional;PAX;Landflugzeug;1955;ausgemustert;Turboprop;2;Kurz/Mittel;56;21,92;28,96;8,23;https://de.wikipedia.org/wiki/Handley_Page_Herald
ILY-Il114;Ilyushin Il-114;Ilyushin;Il-114;;;;;IL14;I14;NONE;SingleAisle;Regional;PAX;Landflugzeug;1990;teils aktiv;Turboprop;2;Kurz/Mittel;64;26,9;30;8,9;https://de.wikipedia.org/wiki/Iljuschin_Il-114
ILY-Il12;Ilyushin Il-12;Ilyushin;Il-12;;;;;IL12;IL2;NONE;SingleAisle;Regional;PAX;Landflugzeug;1945;ausgemustert;Propeller;2;Kurz;27;19,7;31,7;6,3;https://de.wikipedia.org/wiki/Iljuschin_Il-12
ILY-Il14;Ilyushin Il-14;Ilyushin;Il-14;;;;;IL14;IL4;NONE;SingleAisle;Regional;PAX;Landflugzeug;1950;ausgemustert;Propeller;2;Kurz;36;21,25;31,7;6,9;https://de.wikipedia.org/wiki/Iljuschin_Il-14
ILY-Il18;Ilyushin Il-18;Ilyushin;Il-18;;;;;IL18;IL8;NONE;SingleAisle;LongHaul;PAX;Landflugzeug;1957;teils aktiv;Turboprop;4;Mittel;122;35,9;37,4;10,2;https://de.wikipedia.org/wiki/Iljuschin_Il-18
ILY-Il62;Ilyushin Il-62;Ilyushin;Il-62;;;;;IL62;IL6;NONE;SingleAisle;LongHaul;PAX;Landflugzeug;1963;ausgemustert;Jet;4;Lang;168;53,12;43,2;12,35;https://de.wikipedia.org/wiki/Iljuschin_Il-62
ILY-Il86;Ilyushin Il-86;Ilyushin;Il-86;;;;;IL86;ILW;NONE;TwinAisle;LongHaul;PAX;Landflugzeug;1976;ausgemustert;Jet;4;Lang;350;59,54;48,06;15,81;https://de.wikipedia.org/wiki/Iljuschin_Il-86
ILY-Il96-300;Ilyushin Il-96-300;Ilyushin;Il-96;-300;;;;IL96;I93;NONE;TwinAisle;LongHaul;PAX;Landflugzeug;1988;aktiv;Jet;4;Lang;262;55,3;60,1;17,6;https://de.wikipedia.org/wiki/Iljuschin_Il-96
IRK-MC21-300;Irkut MC-21-300;Irkut;MC-21;-300;;;;MC21;M21;NONE;SingleAisle;Standard;PAX;Landflugzeug;2017;Prototyp;Jet;2;Mittel;211;42,2;35,9;11,5;https://de.wikipedia.org/wiki/Irkut_MS-21
JUN-JU52-3M;Junkers Ju 3m Tante Ju;Junkers;Ju;3m;Tante Ju;;;JU52;J52;NONE;SingleAisle;Standard;PAX;Landflugzeug;1932;ausgemustert;Propeller;3;Kurz/Mittel;17;18,9;29,25;4,5;https://de.wikipedia.org/wiki/Junkers_Ju_52
LET-L410;Let L-410 Turbolet;Let (Aero Vodochody);L-410;;Turbolet;Aero L-410|Aero Vodochody L-410|Let L-410 UVP|Let L-410 NG;;L410;L4T;NONE;SingleAisle;Regional;PAX;Landflugzeug;1969;aktiv;Turboprop;2;Kurz;19;14,42;19,48;5,83;https://de.wikipedia.org/wiki/Let_L-410
LET-L610;Let L-610;Let;L-610;;;;;L610;L6T;NONE;SingleAisle;Regional;PAX;Landflugzeug;1988;Prototyp;Turboprop;2;Kurz/Mittel;40;21,32;28;7,98;https://en.wikipedia.org/wiki/Let_L-610
LOC-C5A;Lockheed C-5A Galaxy;Lockheed;C-5;A;C-5A Galaxy;Lockheed C-5A|Galaxy;;C5A;C5A;NONE;TwinAisle;Special;CARGO;Landflugzeug;1968;ausgemustert;Jet;4;Ultra-lang;75;75,53;67,89;19,84;https://de.wikipedia.org/wiki/Lockheed_C-5_Galaxy
LOC-C5B;Lockheed C-5B Galaxy;Lockheed;C-5;B;C-5B Galaxy;Lockheed C-5B|Galaxy;LOC-C5A;C5B;C5B;NONE;TwinAisle;Special;CARGO;Landflugzeug;1985;aktiv;Jet;4;Ultra-lang;75;75,53;67,89;19,84;https://de.wikipedia.org/wiki/Lockheed_C-5_Galaxy
LOC-C5M;Lockheed C-5M Super Galaxy;Lockheed;C-5;M;C-5M Super Galaxy;Lockheed C-5M|Super Galaxy|C-5M Galaxy;LOC-C5B;C5M;C5M;NONE;TwinAisle;Special;CARGO;Landflugzeug;2009;aktiv;Jet;4;Ultra-lang;77;75,53;67,89;19,84;https://de.wikipedia.org/wiki/Lockheed_C-5_Galaxy
LOC-L10;Lockheed L-10 Electra;Lockheed;L-10;;L-10 Electra;Lockheed L-10 Electra;;LO10;L10;NONE;SingleAisle;Standard;PAX;Landflugzeug;1934;ausgemustert;Propeller;2;Kurz;10;14,63;19,96;3,94;https://de.wikipedia.org/wiki/Lockheed_Model_10
LOC-L14;Lockheed L-14 Super Electra;Lockheed;L-14;;L-14 Super Electra;;;LO14;L14;NONE;SingleAisle;Standard;PAX;Landflugzeug;1937;ausgemustert;Propeller;2;Kurz/Mittel;12;13,5;20,2;3,8;https://de.wikipedia.org/wiki/Lockheed_Model_14
LOC-L18;Lockheed L-18 Lodestar;Lockheed;L-18;;L-18 Lodestar;Lockheed Model 18 Lodestar|Model 18|Lodestar;;L18;L18;NONE;SingleAisle;Standard;PAX;Landflugzeug;1939;ausgemustert;Kolbenmotor;2;Mittel;18;15,2;20,1;3,5;https://de.wikipedia.org/wiki/Lockheed_Model_18
LOC-L049;Lockheed L-049 Constellation;Lockheed;L-049;;L-049 Constellation;Lockheed L-049|Constellation|C-69;;LO49;L49;NONE;SingleAisle;LongHaul;PAX;Landflugzeug;1943;ausgemustert;Propeller;4;Lang;81;29;37,5;7,1;https://de.wikipedia.org/wiki/Lockheed_Constellation
LOC-L649;Lockheed L-649 Constellation;Lockheed;L-649;;L-649 Constellation;;;LO49;L64;NONE;SingleAisle;LongHaul;PAX;Landflugzeug;1946;ausgemustert;Propeller;4;Lang;95;29;37,5;7,1;https://de.wikipedia.org/wiki/Lockheed_Constellation#L-649
LOC-L749;Lockheed L-749 Constellation;Lockheed;L-749;;L-749 Constellation;Lockheed L-749|Constellation|C-121A;;LO49;L74;NONE;SingleAisle;LongHaul;PAX;Landflugzeug;1947;ausgemustert;Propeller;4;Lang;95;29;37,5;7,1;https://de.wikipedia.org/wiki/Lockheed_Constellation#L-749
LOC-L1049;Lockheed L-1049 Super Constellation;Lockheed;L-1049;;L-1049 Super Constellation;Lockheed L-1049|Super Constellation|C-121C/D/E;;LO49;L10;NONE;SingleAisle;LongHaul;PAX;Landflugzeug;1951;ausgemustert;Propeller;4;Lang;109;35,4;37,5;7,6;https://de.wikipedia.org/wiki/Lockheed_Super_Constellation
LOC-L1649;Lockheed L-1649 Starliner;Lockheed;L-1649;;L-1649 Starliner;;;LO49;L16;NONE;SingleAisle;LongHaul;PAX;Landflugzeug;1956;ausgemustert;Propeller;4;Lang;99;48;45,7;6,1;https://de.wikipedia.org/wiki/Lockheed_Starliner
LOC-L188;Lockheed L-188 Electra;Lockheed;L-188;;L-188 Electra;;;LO18;L88;NONE;SingleAisle;Standard;PAX;Landflugzeug;1957;ausgemustert;Turboprop;4;Kurz/Mittel;98;31,8;35,9;10;https://de.wikipedia.org/wiki/Lockheed_L-188
LOC-L100-30;Lockheed L-100-30 Hercules;Lockheed;L-100;-30;L-100-30 Hercules;Lockheed L-100-30|L-382G;;L382;LOH;NONE;SingleAisle;Special;CARGO;Landflugzeug;1968;aktiv;Turboprop;4;Mittel;0;34,37;40,41;11,1;https://de.wikipedia.org/wiki/Lockheed_L-100_Hercules
LOC-L1011-1;Lockheed L-1011 TriStar 1;Lockheed;L-1011;-386;TriStar 1;L-1011-385-1;;L101;L11;NONE;TwinAisle;LongHaul;PAX;Landflugzeug;1970;ausgemustert;Jet;3;Lang;246;54,2;47,3;16,9;https://de.wikipedia.org/wiki/Lockheed_L-1011_TriStar#L-1011_-1
LOC-L1011-100;Lockheed L-1011 TriStar 100;Lockheed;L-1011;-400;TriStar 100;L-1011-385-1-14;LOC-L1011-1;L101;L11;NONE;TwinAisle;LongHaul;PAX;Landflugzeug;1972;ausgemustert;Jet;3;Lang;246;54,2;47,3;16,9;https://de.wikipedia.org/wiki/Lockheed_L-1011_TriStar#L-1011_-100
LOC-L1011-200;Lockheed L-1011 TriStar 200;Lockheed;L-1011;-401;TriStar 200;L-1011-385-1-15;LOC-L1011-1;L101;L11;NONE;TwinAisle;LongHaul;PAX;Landflugzeug;1973;ausgemustert;Jet;3;Lang;246;54,2;47,3;16,9;https://de.wikipedia.org/wiki/Lockheed_L-1011_TriStar#L-1011_-200
LOC-L1011-500;Lockheed L-1011 TriStar 500;Lockheed;L-1011;-388;TriStar 500;L-1011-385-3;;L101;L11;NONE;TwinAisle;MediumHaul;PAX;Landflugzeug;1978;ausgemustert;Jet;3;Mittel;229;50;47,3;16,9;https://de.wikipedia.org/wiki/Lockheed_L-1011_TriStar#L-1011_-500
LOC-P3A;Lockheed P-3A Orion;Lockheed;P-3;A;P-3A Orion;Lockheed P-3A|Orion A;;P3A;P3A;NONE;SingleAisle;Special;SPECIAL;Landflugzeug;1962;ausgemustert;Turboprop;4;Lang;11;35,61;30,37;10,27;https://de.wikipedia.org/wiki/Lockheed_P-3_Orion
LOC-P3B;Lockheed P-3B Orion;Lockheed;P-3;B;P-3B Orion;Lockheed P-3B|Orion B;LOC-P3A;P3B;P3B;NONE;SingleAisle;Special;SPECIAL;Landflugzeug;1965;ausgemustert;Turboprop;4;Lang;11;35,61;30,37;10,27;https://de.wikipedia.org/wiki/Lockheed_P-3_Orion
LOC-P3C;Lockheed P-3C Orion;Lockheed;P-3;C;P-3C Orion;Lockheed P-3C|Orion C;LOC-P3B;P3C;P3C;NONE;SingleAisle;Special;SPECIAL;Landflugzeug;1968;aktiv;Turboprop;4;Lang;11;35,61;30,37;10,27;https://de.wikipedia.org/wiki/Lockheed_P-3_Orion
LOC-EP3E;Lockheed EP-3E Aries II;Lockheed;P-3;EP-3E;EP-3E Aries II;Lockheed EP-3E|Aries II SIGINT;LOC-P3C;EP3;EP3;NONE;SingleAisle;Special;SPECIAL;Landflugzeug;1969;aktiv;Turboprop;4;Lang;24;35,61;30,37;10,27;https://de.wikipedia.org/wiki/Lockheed_EP-3
LOC-NP3D;Lockheed NP-3D Orion;Lockheed;P-3;NP-3D;NP-3D Orion;Lockheed NP-3D|Range Monitor;LOC-P3C;NP3;NP3;NONE;SingleAisle;Special;SPECIAL;Landflugzeug;1975;aktiv;Turboprop;4;Lang;15;35,61;30,37;10,27;https://de.wikipedia.org/wiki/Lockheed_P-3_Orion#Variants
LOC-RP3D;Lockheed RP-3D Orion;Lockheed;P-3;RP-3D;RP-3D Orion;Lockheed RP-3D|Research P-3D|NASA RP-3D;LOC-P3C;P3D;P3D;NONE;SingleAisle;Special;SPECIAL;Landflugzeug;1969;aktiv;Turboprop;4;Lang;15;35,61;30,37;10,27;https://de.wikipedia.org/wiki/Lockheed_P-3_Orion#Variants
MAR-202;Martin 2-0-2;Martin;2-0-2;;;;;M202;202;NONE;SingleAisle;Regional;PAX;Landflugzeug;1946;ausgemustert;Propeller;2;Kurz/Mittel;26;14,2;19,5;4,5;https://en.wikipedia.org/wiki/Marcel_Bloch_MB.202
MAR-404;Cessna 404;Cessna;404;;;;;C404;C44;NONE;SingleAisle;Regional;PAX;Landflugzeug;1976;teils aktiv;Propeller;2;Kurz;10;11,7;15;3,9;https://de.wikipedia.org/wiki/Cessna_404
MCD-DC9-10;McDonnell Douglas DC-9-10;McDonnell Douglas;DC-9;-10;DC-9-10;McDonnell Douglas DC-9-10|DC-9 Series 10;;DC91;D91;NONE;SingleAisle;Regional;PAX;Landflugzeug;1965;ausgemustert;Jet;2;Kurz/Mittel;90;31,82;27,25;8,38;https://de.wikipedia.org/wiki/McDonnell_Douglas_DC-9#DC-9-10
MCD-DC9-15;McDonnell Douglas DC-9-15;McDonnell Douglas;DC-9;-15;DC-9-15;McDonnell Douglas DC-9-15|DC-9 Series 10|DC-9-10;;DC91;D91;NONE;SingleAisle;Regional;PAX;Landflugzeug;1968;ausgemustert;Jet;2;Kurz/Mittel;90;31,82;27,25;8,38;https://de.wikipedia.org/wiki/McDonnell_Douglas_DC-9#DC-9-10
MCD-DC9-20;McDonnell Douglas DC-9-20;McDonnell Douglas;DC-9;-20;DC-9-20;McDonnell Douglas DC-9-20|DC-9 Series 20;;DC92;D92;NONE;SingleAisle;Regional;PAX;Landflugzeug;1969;ausgemustert;Jet;2;Kurz/Mittel;95;36,37;28,44;8,38;https://de.wikipedia.org/wiki/McDonnell_Douglas_DC-9#DC-9-20
MCD-DC9-30;McDonnell Douglas DC-9-30;McDonnell Douglas;DC-9;-30;DC-9-30;McDonnell Douglas DC-9-30|DC-9 Series 30;;DC93;D93;NONE;SingleAisle;Standard;PAX;Landflugzeug;1967;ausgemustert;Jet;2;Mittel;115;36,37;28,47;8,38;https://de.wikipedia.org/wiki/McDonnell_Douglas_DC-9#DC-9-30
MCD-DC9-40;McDonnell Douglas DC-9-40;McDonnell Douglas;DC-9;-40;DC-9-40;McDonnell Douglas DC-9-40|DC-9 Series 40;;DC94;D94;NONE;SingleAisle;Standard;PAX;Landflugzeug;1968;ausgemustert;Jet;2;Mittel;125;39,75;28,47;8,38;https://de.wikipedia.org/wiki/McDonnell_Douglas_DC-9#DC-9-40
MCD-DC9-50;McDonnell Douglas DC-9-50;McDonnell Douglas;DC-9;-50;DC-9-50;McDonnell Douglas DC-9-50|DC-9 Series 50;;DC95;D95;NONE;SingleAisle;Standard;PAX;Landflugzeug;1975;ausgemustert;Jet;2;Mittel;135;40,72;28,47;8,38;https://de.wikipedia.org/wiki/McDonnell_Douglas_DC-9#DC-9-50
MCD-DC10-10;McDonnell Douglas DC-10-10;McDonnell Douglas;DC-10;-10;;;;DC10;D10;NONE;TwinAisle;LongHaul;PAX;Landflugzeug;1970;ausgemustert;Jet;3;Kurz/Mittel;270;55,55;47,43;17,7;https://de.wikipedia.org/wiki/McDonnell_Douglas_DC-10#DC-10-10
MCD-DC10-30;McDonnell Douglas DC-10-30;McDonnell Douglas;DC-10;-30;;;;DC10;D30;NONE;TwinAisle;LongHaul;PAX;Landflugzeug;1972;ausgemustert;Jet;3;Lang;314;55,06;50,39;17,7;https://de.wikipedia.org/wiki/McDonnell_Douglas_DC-10#DC-10-30
MCD-DC10-40;McDonnell Douglas DC-10-40;McDonnell Douglas;DC-10;-40;;;;DC10;D40;NONE;TwinAisle;LongHaul;PAX;Landflugzeug;1972;ausgemustert;Jet;3;Lang;314;55,04;50,39;17,7;https://de.wikipedia.org/wiki/McDonnell_Douglas_DC-10#DC-10-40
MCD-MD11;McDonnell Douglas MD-11;McDonnell Douglas;MD-11;;; ;;MD11;M11;NONE;TwinAisle;LongHaul;PAX;Landflugzeug;1990;ausgemustert;Jet;3;Lang;293;61,6;51,7;17,6;https://de.wikipedia.org/wiki/McDonnell_Douglas_MD-11
MCD-MD11-ER;McDonnell Douglas MD-11ER Extended Range;McDonnell Douglas;MD-11;ER;Extended Range; ;;MD11;M1E;NONE;TwinAisle;LongHaul;PAX;Landflugzeug;1990;ausgemustert;Jet;3;Lang;293;61,6;51,7;17,6;https://de.wikipedia.org/wiki/McDonnell_Douglas_MD-11
MCD-MD11F;McDonnell Douglas MD-11F;McDonnell Douglas;MD-11;F;MD-11F;MD-11 Freighter|MD11F;MCD-MD11;MD11;M1F;NONE;TwinAisle;LongHaul;CARGO;Landflugzeug;1990;aktiv;Jet;3;Lang;0;61,2;51,7;17,6;https://de.wikipedia.org/wiki/McDonnell_Douglas_MD-11#Frachtversionen
MCD-MD81;McDonnell Douglas MD-81;McDonnell Douglas;MD-81;;;DC-9-81;;DCMD;M81;NONE;SingleAisle;Standard;PAX;Landflugzeug;1980;ausgemustert;Jet;2;Kurz/Mittel;155;45,1;32,8;9,3;https://de.wikipedia.org/wiki/McDonnell_Douglas_MD-80#MD-81
MCD-MD82;McDonnell Douglas MD-82;McDonnell Douglas;MD-82;;;DC-9-82;;DCMD;M82;NONE;SingleAisle;Standard;PAX;Landflugzeug;1981;ausgemustert;Jet;2;Kurz/Mittel;155;45,1;32,8;9,3;https://de.wikipedia.org/wiki/McDonnell_Douglas_MD-80#MD-82
MCD-MD83;McDonnell Douglas MD-83;McDonnell Douglas;MD-83;;;DC-9-83;;DCMD;M83;NONE;SingleAisle;Standard;PAX;Landflugzeug;1985;ausgemustert;Jet;2;Mittel;155;45,1;32,8;9,3;https://de.wikipedia.org/wiki/McDonnell_Douglas_MD-80#MD-83
MCD-MD87;McDonnell Douglas MD-87;McDonnell Douglas;MD-87;;;DC-9-87;;DCMD;M87;NONE;SingleAisle;Standard;PAX;Landflugzeug;1987;ausgemustert;Jet;2;Kurz/Mittel;130;40,4;32,8;9,3;https://de.wikipedia.org/wiki/McDonnell_Douglas_MD-80#MD-87
MCD-MD88;McDonnell Douglas MD-88;McDonnell Douglas;MD-88;;;DC-9-88;;DCMD;M88;NONE;SingleAisle;Standard;PAX;Landflugzeug;1987;ausgemustert;Jet;2;Kurz/Mittel;155;45,1;32,8;9,3;https://de.wikipedia.org/wiki/McDonnell_Douglas_MD-80#MD-88
MCD-MD90;McDonnell Douglas MD-90;McDonnell Douglas;MD-90;;;DC-9-90;;DCMD;M90;NONE;SingleAisle;Standard;PAX;Landflugzeug;1993;ausgemustert;Jet;2;Kurz/Mittel;158;46,5;32,8;9,3;https://de.wikipedia.org/wiki/McDonnell_Douglas_MD-90
NAM-YS11;NAMC YS-11;NAMC;YS-11;;;;;YS11;YS1;NONE;SingleAisle;Regional;PAX;Landflugzeug;1962;ausgemustert;Turboprop;2;Kurz/Mittel;64;26,3;32;8,98;https://de.wikipedia.org/wiki/NAMC_YS-11
PAR-P;Partenavia P;Partenavia;P;;;;;P68;P68;NONE;SingleAisle;Regional;PAX;Landflugzeug;1970;teils aktiv;Propeller;2;Kurz;15;12;15;4,5;https://en.wikipedia.org/wiki/Partenavia_P.68
PIL-PC12;Pilatus PC-12;Pilatus;PC-12;;;;;PC12;PL2;NONE;SingleAisle;Regional;PAX;Landflugzeug;1991;aktiv;Turboprop;1;Kurz;9;14,4;16,3;4,26;https://de.wikipedia.org/wiki/Pilatus_PC-12
PIL-PC24;Pilatus PC-24;Pilatus;PC-24;;;;;PC24;PC24;NONE;SingleAisle;Regional;PAX;Landflugzeug;2015;aktiv;Jet;2;Kurz/Mittel;10;16,8;17;5,3;https://de.wikipedia.org/wiki/Pilatus_PC-24
PIL-PC6;Pilatus PC-6;Pilatus;PC-6;;;;;PC6;PC6;NONE;SingleAisle;Regional;PAX;Landflugzeug;1959;teils aktiv;Propeller;1;Kurz;10;11;15;3,2;https://de.wikipedia.org/wiki/Pilatus_PC-6
PIP-PA23;Piper PA-23;Piper;PA-23;;;;;PA23;P23;NONE;SingleAisle;Regional;PAX;Landflugzeug;1952;teils aktiv;Propeller;2;Kurz;6;8,6;11,8;2,9;https://de.wikipedia.org/wiki/Piper_PA-23
PIP-PA31;Piper PA-31;Piper;PA-31;;;;;PA31;P31;NONE;SingleAisle;Regional;PAX;Landflugzeug;1964;teils aktiv;Propeller;2;Kurz;8;10,8;12;3,5;https://de.wikipedia.org/wiki/Piper_PA-31
PIP-PA31T;Piper PA-31T;Piper;PA-31T;;;;;PA31T;P31T;NONE;SingleAisle;Regional;PAX;Landflugzeug;1973;teils aktiv;Turboprop;2;Kurz/Mittel;8;10,8;14;4,2;https://en.wikipedia.org/wiki/Piper_PA-31T_Cheyenne
PIP-PA42;Piper PA-42;Piper;PA-42;;;;;PA42;P42;NONE;SingleAisle;Regional;PAX;Landflugzeug;1977;teils aktiv;Turboprop;2;Kurz/Mittel;11;13,4;15;4,5;https://de.wikipedia.org/wiki/Piper_PA-42
PIP-PA46;Piper PA-46;Piper;PA-46;;;;;PA46;P46;NONE;SingleAisle;Regional;PAX;Landflugzeug;1982;teils aktiv;Propeller/Turboprop;1;Kurz;6;9;13;3,4;https://de.wikipedia.org/wiki/Piper_PA-46
PZL-M18;PZL M-18;PZL;M-18;;;;;M18;M18;NONE;SingleAisle;Special;CARGO;Landflugzeug;1976;sehr selten;Propeller;1;Kurz;0;10,5;18;3,2;https://de.wikipedia.org/wiki/PZL-Mielec_M-18
PZL-M28;PZL M28;PZL;M28;;;;;M28;M28;NONE;SingleAisle;Regional;PAX;Landflugzeug;1984;teils aktiv;Turboprop;2;Kurz;19;13,1;22;4,9;https://de.wikipedia.org/wiki/PZL-M28
RIL-Heron;Riley Heron;Riley;Heron;;;;;RHER;RHE;NONE;SingleAisle;Regional;PAX;Landflugzeug;1960;sehr selten;Propeller;4;Kurz/Mittel;14;12,1;21,5;3,9;https://de.wikipedia.org/wiki/Riley_Heron
ROC-OV101;Rockwell Space Shuttle Enterprise (Testorbiter);Rockwell;Space Shuttle;OV-101;Space Shuttle Enterprise;NASA OV-101|Enterprise|Atmospheric Test Vehicle;;SSOC;OV0;NONE;Special;Special;SPECIAL;Sonstige;1977;Museumsflugzeug;Raketenantrieb;0;Kurz;0;37,24;23,79;17,25;https://de.wikipedia.org/wiki/Space_Shuttle_Enterprise
ROC-OV102;Rockwell Space Shuttle Orbiter Columbia;Rockwell;Space Shuttle;OV-102;Space Shuttle Columbia;Space Shuttle Orbiter Columbia|NASA OV-102|Columbia;ROC-OV101;SSOC;OV1;NONE;Special;Special;SPECIAL;Sonstige;1981;zerstört;Raketenantrieb;3;Ultra-lang;7;37,24;23,79;17,25;https://de.wikipedia.org/wiki/Space_Shuttle_Columbia
ROC-OV099;Rockwell Space Shuttle Orbiter Challenger;Rockwell;Space Shuttle;OV-099;Space Shuttle Challenger;NASA OV-099|Challenger;ROC-OV102;SSOC;OV2;NONE;Special;Special;SPECIAL;Sonstige;1983;zerstört;Raketenantrieb;3;Ultra-lang;7;37,24;23,79;17,25;https://de.wikipedia.org/wiki/Space_Shuttle_Challenger
ROC-OV103;Rockwell Space Shuttle Orbiter Discovery;Rockwell;Space Shuttle;OV-103;Space Shuttle Discovery;NASA OV-103|Discovery;ROC-OV102;SSOC;OV3;NONE;Special;Special;SPECIAL;Sonstige;1984;ausgemustert;Raketenantrieb;3;Ultra-lang;7;37,24;23,79;17,25;https://de.wikipedia.org/wiki/Space_Shuttle_Discovery
ROC-OV104;Rockwell Space Shuttle Orbiter Atlantis;Rockwell;Space Shuttle;OV-104;Space Shuttle Atlantis;NASA OV-104|Atlantis;ROC-OV102;SSOC;OV4;NONE;Special;Special;SPECIAL;Sonstige;1985;ausgemustert;Raketenantrieb;3;Ultra-lang;7;37,24;23,79;17,25;https://de.wikipedia.org/wiki/Space_Shuttle_Atlantis
ROC-OV105;Rockwell Space Shuttle Orbiter Endeavour;Rockwell;Space Shuttle;OV-105;Space Shuttle Endeavour;NASA OV-105|Endeavour;ROC-OV104;SSOC;OV5;NONE;Special;Special;SPECIAL;Sonstige;1991;ausgemustert;Raketenantrieb;3;Ultra-lang;7;37,24;23,79;17,25;https://de.wikipedia.org/wiki/Space_Shuttle_Endeavour
SAB-2000;Saab 2000;Saab;2000;;;;;SB20;S20;NONE;SingleAisle;Regional;PAX;Landflugzeug;1992;teils aktiv;Turboprop;2;Kurz/Mittel;50;27,28;24,76;7,4;https://de.wikipedia.org/wiki/Saab_2000
SAB-340;Saab 340;Saab;340;;;;;SB20;SF3;NONE;SingleAisle;Regional;PAX;Landflugzeug;1983;teils aktiv;Turboprop;2;Kurz;35;19,73;21,44;6,97;https://de.wikipedia.org/wiki/Saab_340
SCA-M348;Scaled Composites Model 348 White Knight Two;Scaled Composites;Model 348;;White Knight Two;WhiteKnightTwo|White Knight II|WK2|VMS Eve;;WK2;WK2;NONE;TwinAisle;Special;SPECIAL;Landflugzeug;2008;aktiv;Jet;4;Mittel;6;24,38;42,67;7,7;https://de.wikipedia.org/wiki/Scaled_Composites_White_Knight_Two
SCA-SS2;SpaceShipTwo (Virgin Galactic);Scaled Composites;SpaceShipTwo;;VSS Unity;Virgin Galactic SpaceShipTwo|VSS Unity|SS2|WhiteKnightTwo;SCA-M348;SS2;SS2;NONE;Special;Special;SPECIAL;Sonstige;2010;aktiv;Raketenantrieb;1;Kurz;6;18,3;8,2;4,6;https://de.wikipedia.org/wiki/SpaceShipTwo
SHO-330;Shorts 330;Shorts;330;;;;;SH33;S33;NONE;SingleAisle;Regional;PAX;Landflugzeug;1974;ausgemustert;Turboprop;2;Kurz;30;19,7;22;6;https://de.wikipedia.org/wiki/Short_330
SHO-360;Shorts 360;Shorts;360;;;;;SH36;S36;NONE;SingleAisle;Regional;PAX;Landflugzeug;1981;ausgemustert;Turboprop;2;Kurz;36;21,58;22,76;7,06;https://de.wikipedia.org/wiki/Short_360
SHO-S23;Short S.23 Empire;Shorts;S.23;;Empire;Short Empire|Empire Flying Boat|S.23 Empire;;S23;S23;NONE;Special;LongHaul;PAX;Wasserflugzeug;1936;ausgemustert;Kolbenmotor;4;Lang;24;27,9;34,6;9,8;https://de.wikipedia.org/wiki/Short_Empire
SHO-S26;Short S.26 G-Class;Shorts;S.26;;G-Class;Short S.26|G-Class Flying Boat|Empire Extension;;S26;S26;NONE;Special;LongHaul;PAX;Wasserflugzeug;1938;ausgemustert;Kolbenmotor;4;Lang;40;35;45,72;10;https://de.wikipedia.org/wiki/Short_S.26
SHO-S45;Short S.45 Solent;Shorts;S.45;;Solent;Short Solent|S.45 Solent|Solent Flying Boat;;S45;S45;NONE;Special;LongHaul;PAX;Wasserflugzeug;1946;ausgemustert;Kolbenmotor;4;Lang;40;27,94;34,78;10,16;https://de.wikipedia.org/wiki/Short_Solent
SUD-Caravelle-10B;Sud Aviation Caravelle 10B;Sud Aviation;Caravelle;10B;;;;CARI;CVB;NONE;SingleAisle;Standard;PAX;Landflugzeug;1964;ausgemustert;Jet;2;Mittel;99;32,01;34,3;8,71;https://de.wikipedia.org/wiki/Sud_Aviation_Caravelle#Caravelle_10
SUD-Caravelle-I;Sud Aviation Caravelle I;Sud Aviation;Caravelle;I;;;;CARI;CV1;NONE;SingleAisle;Standard;PAX;Landflugzeug;1955;ausgemustert;Jet;2;Mittel;80;32,01;34,3;8,71;https://de.wikipedia.org/wiki/Sud_Aviation_Caravelle#Caravelle_I
SUD-Caravelle-III;Sud Aviation Caravelle III;Sud Aviation;Caravelle;III;;;;CARI;CV3;NONE;SingleAisle;Standard;PAX;Landflugzeug;1959;ausgemustert;Jet;2;Mittel;80;32,01;34,3;8,71;https://de.wikipedia.org/wiki/Sud_Aviation_Caravelle#Caravelle_III
SUD-Caravelle-VIN;Sud Aviation Caravelle VI-N;Sud Aviation;Caravelle;VI-N;Caravelle VI-N;Caravelle 6N|Caravelle VIN;;CRVN;CV6;NONE;SingleAisle;Standard;PAX;Landflugzeug;1960;ausgemustert;Jet;2;Kurz/Mittel;99;32,01;34,3;8,71;https://de.wikipedia.org/wiki/Sud_Aviation_Caravelle#Caravelle_VI-N
SUD-Caravelle-VIR;Sud Aviation Caravelle VI-R;Sud Aviation;Caravelle;VI-R;Caravelle VI-R;Caravelle 6R|Caravelle VIR;;CRVN;CV6;NONE;SingleAisle;Standard;PAX;Landflugzeug;1962;ausgemustert;Jet;2;Mittel;99;32,01;34,3;8,71;https://de.wikipedia.org/wiki/Sud_Aviation_Caravelle#Caravelle_VI-R
SUD-Concorde;Sud Aviation/BAC Concorde;Sud Aviation/BAC;Concorde;;;;;CONC;SSC;NONE;SingleAisle;LongHaul;PAX;Landflugzeug;1969;ausgemustert;Jet;4;Lang;92;61,66;25,6;12,19;https://de.wikipedia.org/wiki/Concorde
SUK-Superjet-100-95;Sukhoi Superjet 100-95;Sukhoi;Superjet;100-95;; ;;SU95;SSJ;WL;SingleAisle;Regional;PAX;Landflugzeug;2008;aktiv;Jet;2;Kurz/Mittel;98;29,94;27,8;10,28;https://de.wikipedia.org/wiki/Suchoi_Superjet_100
TRA-C160;Transall C-160;Transport Allianz;C-160;;C-160 Transall;Transall C-160|C-160D|C-160NG;;C160;C16;NONE;TwinAisle;Medium;CARGO;Landflugzeug;1963;teils aktiv;Turboprop;2;Mittel;93;32,4;40;11,65;https://de.wikipedia.org/wiki/Transall_C-160
TUP-Tu104;Tupolew Tu-104;Tupolew;Tu-104;;;;;TU04;T04;NONE;SingleAisle;LongHaul;PAX;Landflugzeug;1955;ausgemustert;Jet;2;Mittel;100;40,06;34,5;11,9;https://de.wikipedia.org/wiki/Tupolew_Tu-104
TUP-Tu114;Tupolew Tu-114;Tupolew;Tu-114;;;;;T114;TU4;NONE;SingleAisle;LongHaul;PAX;Landflugzeug;1957;ausgemustert;Turboprop;4;Lang;220;54,1;51,1;15,5;https://de.wikipedia.org/wiki/Tupolew_Tu-114
TUP-Tu124;Tupolew Tu-124;Tupolew;Tu-124;;;;;TU24;T24;NONE;SingleAisle;Regional;PAX;Landflugzeug;1960;ausgemustert;Jet;2;Kurz;56;30,6;25,55;8,08;https://de.wikipedia.org/wiki/Tupolew_Tu-124
TUP-Tu134;Tupolew Tu-134;Tupolew;Tu-134;;;;;T134;TU3;NONE;SingleAisle;Standard;PAX;Landflugzeug;1963;ausgemustert;Jet;2;Kurz;84;34,85;29;9;https://de.wikipedia.org/wiki/Tupolew_Tu-134
TUP-Tu154;Tupolew Tu-154;Tupolew;Tu-154;;;;;T154;TU5;NONE;SingleAisle;Standard;PAX;Landflugzeug;1968;ausgemustert;Jet;3;Mittel;158;47,9;37,5;11,4;https://de.wikipedia.org/wiki/Tupolew_Tu-154
TUP-Tu204-200;Tupolew Tu-204-200;Tupolew;Tu-204;-200;;;;T204;TU2;NONE;SingleAisle;Standard;PAX;Landflugzeug;1989;teils aktiv;Jet;2;Mittel;210;46,14;41,8;13,84;https://de.wikipedia.org/wiki/Tupolew_Tu-204
TUP-Tu204-300;Tupolew Tu-204-300;Tupolew;Tu-204;-300;;;;T204;T23;NONE;SingleAisle;Standard;PAX;Landflugzeug;2000;teils aktiv;Jet;2;Mittel;230;54,1;41,8;13,84;https://de.wikipedia.org/wiki/Tupolew_Tu-204
TUP-Tu214;Tupolew Tu-214;Tupolew;Tu-214;;;;;T204;T21;NONE;SingleAisle;Standard;PAX;Landflugzeug;1996;aktiv;Jet;2;Mittel;230;54,1;41,8;13,84;https://de.wikipedia.org/wiki/Tupolew_Tu-214
VIC-Vanguard-953;Vickers Vanguard 953;Vickers;Vanguard;953;;;;VANG;VAN;NONE;SingleAisle;LongHaul;PAX;Landflugzeug;1959;ausgemustert;Turboprop;4;Mittel;139;41,15;43,36;11,3;https://de.wikipedia.org/wiki/Vickers_Vanguard
VIC-VC10;Vickers VC10 Standard;Vickers;VC10;Standard;;;;VC10;VC1;NONE;SingleAisle;LongHaul;PAX;Landflugzeug;1962;ausgemustert;Jet;4;Lang;151;48,36;44,55;12,19;https://de.wikipedia.org/wiki/Vickers_VC10
VIC-VC10-SUPER;Vickers VC10 Super;Vickers;VC10;Super VC10;;;;VC10;VC2;NONE;SingleAisle;LongHaul;PAX;Landflugzeug;1964;ausgemustert;Jet;4;Lang;174;48,36;44,55;12,19;https://de.wikipedia.org/wiki/Vickers_VC10
VIC-VC10-C1K;Vickers VC10 C1K (RAF Government & VIP);Vickers;VC10;C1K;VC10 C1K;Vickers VC10 C1K|RAF VC10|C.1K Tanker/Transport;VIC-VC10-SUPER;VC10;VC10;NONE;TwinAisle;Special;SPECIAL;Landflugzeug;1966;ausgemustert;Jet;4;Lang;0;48,36;44,55;12,04;https://de.wikipedia.org/wiki/Vickers_VC10#Milit%C3%A4rischer_Einsatz
VIC-Viscount-700;Vickers Viscount 700;Vickers;Viscount;700;;Viscount 745|Viscount 779;;VISC;VS7;NONE;SingleAisle;Standard;PAX;Landflugzeug;1952;ausgemustert;Turboprop;4;Kurz/Mittel;75;26,11;28,55;8,25;https://de.wikipedia.org/wiki/Vickers_Viscount#Typ_700
VIC-Viscount-800;Vickers Viscount 800;Vickers;Viscount;800;;Viscount 837;;VISC;VS8;NONE;SingleAisle;Standard;PAX;Landflugzeug;1956;ausgemustert;Turboprop;4;Kurz/Mittel;89;28,55;28,55;8,25;https://de.wikipedia.org/wiki/Vickers_Viscount#Typ_800
VFW-614;VFW-Fokker 614;VFW-Fokker;614;;614;VFW 614|Fokker VFW 614;;VFW6;VFW;NONE;SingleAisle;Regional;PAX;Landflugzeug;1971;ausgemustert;Jet;2;Kurz/Mittel;44;20,31;21,5;7,45;https://de.wikipedia.org/wiki/VFW-Fokker_614
XIA-MA60;Xian MA60;Xian;MA60;;;;;MA60;M60;NONE;SingleAisle;Regional;PAX;Landflugzeug;2000;aktiv;Turboprop;2;Kurz/Mittel;60;24,7;29,2;8,1;https://de.wikipedia.org/wiki/Xi%E2%80%99an_MA60
XIA-MA600;Xian MA600;Xian;MA600;;;;;MA60;M6T;NONE;SingleAisle;Regional;PAX;Landflugzeug;2008;aktiv;Turboprop;2;Kurz/Mittel;60;24,7;29,2;8,1;https://en.wikipedia.org/wiki/Xian_MA600
XIA-Y7;Xian Y-7;Xian;Y-7;;;;;Y7;Y07;NONE;SingleAisle;Regional;PAX;Landflugzeug;1984;teils aktiv;Turboprop;2;Kurz/Mittel;52;24,3;29;8;https://de.wikipedia.org/wiki/Xian_Y-7
YAK-Yak40;Yakowlew Yak-40;Yakowlew;Yak-40;;;;;YK40;YK4;NONE;SingleAisle;Regional;PAX;Landflugzeug;1966;ausgemustert;Jet;3;Kurz;32;20,36;25;6,5;https://de.wikipedia.org/wiki/Jakowlew_Jak-40
YAK-Yak42;Yakowlew Yak-42;Yakowlew;Yak-42;;;;;YK42;YK2;NONE;SingleAisle;Standard;PAX;Landflugzeug;1975;teils aktiv;Jet;3;Mittel;120;36,38;34,88;9,83;https://de.wikipedia.org/wiki/Jakowlew_Jak-42